t,phi_true,phi_mean,phi_freqonly,phi_dsfb,err_mean,err_freqonly,err_dsfb,w2,s2
0.000000,0.000000,0.005059,0.002530,0.005030,0.005059,0.002530,0.005030,0.499985,0.000082
0.010000,0.005000,-0.016738,-0.007102,-0.003327,0.021738,0.012102,0.008327,0.497404,0.001940
0.020000,0.010000,0.052759,0.022821,0.026860,0.042759,0.012821,0.016860,0.489638,0.006052
0.030000,0.015000,0.001899,0.012383,0.016622,0.013101,0.002617,0.001622,0.497495,0.009622
0.040000,0.020001,-0.004072,0.004168,0.008783,0.024073,0.015833,0.011218,0.496814,0.010607
0.050000,0.025000,-0.017422,-0.006623,-0.001828,0.042422,0.031623,0.026828,0.496494,0.011748
0.060000,0.029997,0.033054,0.013209,0.017700,0.003057,0.016789,0.012297,0.490045,0.014571
0.070000,0.034994,0.038569,0.025902,0.030575,0.003575,0.009092,0.004419,0.489654,0.014840
0.080000,0.039989,0.025034,0.025494,0.030197,0.014956,0.014496,0.009793,0.492512,0.014230
0.090000,0.044984,0.030730,0.028137,0.032842,0.014255,0.016847,0.012142,0.493885,0.014164
0.100000,0.049977,0.065241,0.046717,0.051300,0.015264,0.003260,0.001323,0.489503,0.015900
0.110000,0.054968,0.117963,0.082386,0.087188,0.062995,0.027419,0.032220,0.498414,0.016292
0.120000,0.059957,0.065081,0.073816,0.078671,0.005124,0.013859,0.018714,0.497668,0.017030
0.130000,0.064945,0.093063,0.083513,0.088207,0.028118,0.018568,0.023263,0.495819,0.018717
0.140000,0.069932,0.029325,0.056502,0.061658,0.040606,0.013430,0.008274,0.489024,0.022677
0.150000,0.074915,0.071491,0.064052,0.068864,0.003424,0.010863,0.006050,0.488547,0.022645
0.160000,0.079896,0.131447,0.097813,0.102782,0.051552,0.017917,0.022886,0.495370,0.022912
0.170000,0.084872,0.121952,0.109979,0.114886,0.037080,0.025107,0.030014,0.495660,0.022455
0.180000,0.089845,0.085647,0.097922,0.102777,0.004198,0.008077,0.012932,0.496804,0.022826
0.190000,0.094815,0.083649,0.090882,0.095816,0.011167,0.003934,0.001001,0.501887,0.023004
0.200000,0.099782,0.104135,0.097598,0.102348,0.004353,0.002185,0.002566,0.502440,0.024216
0.210000,0.104745,0.093421,0.095605,0.100389,0.011324,0.009140,0.004356,0.499528,0.024456
0.220000,0.109702,0.095131,0.095461,0.100318,0.014571,0.014241,0.009385,0.501598,0.024831
0.230000,0.114655,0.100623,0.098136,0.103038,0.014032,0.016520,0.011617,0.502442,0.025037
0.240000,0.119603,0.179345,0.138836,0.143529,0.059742,0.019233,0.023926,0.506601,0.026246
0.250000,0.124545,0.168945,0.154027,0.158869,0.044399,0.029481,0.034324,0.502269,0.028460
0.260000,0.129483,0.162702,0.158515,0.163397,0.033219,0.029032,0.033914,0.502388,0.028700
0.270000,0.134416,0.116029,0.137428,0.142304,0.018386,0.003012,0.007888,0.504754,0.029232
0.280000,0.139342,0.184483,0.161089,0.165839,0.045140,0.021747,0.026497,0.506228,0.029179
0.290000,0.144263,0.159904,0.160654,0.165661,0.015642,0.016391,0.021398,0.508006,0.028847
0.300000,0.149177,0.201823,0.181395,0.186375,0.052646,0.032218,0.037198,0.501637,0.032549
0.310000,0.154085,0.206381,0.194065,0.198877,0.052296,0.039980,0.044792,0.498742,0.032948
0.320000,0.158986,0.190126,0.192285,0.197159,0.031140,0.033299,0.038173,0.501385,0.034884
0.330000,0.163881,0.158721,0.175690,0.180555,0.005160,0.011809,0.016674,0.504619,0.034418
0.340000,0.168769,0.250124,0.213077,0.217868,0.081355,0.044308,0.049099,0.503366,0.036192
0.350000,0.173652,0.205876,0.209684,0.215071,0.032224,0.036032,0.041420,0.506155,0.038867
0.360000,0.178527,0.186211,0.198151,0.203370,0.007683,0.019623,0.024843,0.509500,0.037599
0.370000,0.183396,0.185098,0.191816,0.196660,0.001702,0.008420,0.013264,0.506581,0.037581
0.380000,0.188256,0.231723,0.211954,0.216743,0.043467,0.023698,0.028487,0.500860,0.039836
0.390000,0.193109,0.191491,0.201927,0.206825,0.001618,0.008818,0.013716,0.495411,0.041395
0.400000,0.197954,0.238133,0.220224,0.224157,0.040179,0.022270,0.026203,0.491117,0.045306
0.410000,0.202792,0.250626,0.235637,0.238648,0.047834,0.032845,0.035856,0.488072,0.049405
0.420000,0.207625,0.220096,0.228094,0.231702,0.012471,0.020469,0.024077,0.492665,0.047106
0.430000,0.212454,0.250531,0.239531,0.243499,0.038077,0.027078,0.031045,0.490553,0.046148
0.440000,0.217280,0.226893,0.233442,0.237560,0.009613,0.016162,0.020280,0.494775,0.044280
0.450000,0.222103,0.193840,0.213865,0.218341,0.028262,0.008238,0.003762,0.502864,0.042266
0.460000,0.226921,0.206828,0.210550,0.215076,0.020093,0.016371,0.011845,0.499839,0.042080
0.470000,0.231736,0.256752,0.233851,0.238384,0.025016,0.002114,0.006647,0.501241,0.041417
0.480000,0.236547,0.244569,0.239432,0.244040,0.008022,0.002886,0.007494,0.500960,0.042842
0.490000,0.241352,0.262580,0.251234,0.255750,0.021228,0.009882,0.014398,0.498545,0.043403
0.500000,0.246151,0.280657,0.266185,0.270484,0.034507,0.020034,0.024333,0.495145,0.044549
0.510000,0.250943,0.219869,0.243281,0.247729,0.031074,0.007662,0.003214,0.494277,0.045429
0.520000,0.255729,0.256099,0.249920,0.254066,0.000370,0.005809,0.001663,0.493998,0.046121
0.530000,0.260509,0.339142,0.294768,0.299106,0.078633,0.034258,0.038596,0.499589,0.046294
0.540000,0.265283,0.271022,0.283175,0.288026,0.005739,0.017892,0.022743,0.505212,0.046481
0.550000,0.270052,0.258394,0.271053,0.276951,0.011659,0.001001,0.006899,0.510561,0.048240
0.560000,0.274816,0.250823,0.261194,0.266901,0.023993,0.013622,0.007915,0.515259,0.045969
0.570000,0.279574,0.337851,0.299768,0.304759,0.058277,0.020194,0.025185,0.515474,0.046651
0.580000,0.284325,0.355441,0.327888,0.332658,0.071116,0.043563,0.048333,0.514221,0.046754
0.590000,0.289071,0.293850,0.311180,0.316906,0.004780,0.022110,0.027835,0.520755,0.044908
0.600000,0.293811,0.343515,0.327641,0.332989,0.049704,0.033831,0.039178,0.517393,0.044495
0.610000,0.298546,0.261066,0.294663,0.300011,0.037480,0.003882,0.001466,0.520127,0.044986
0.620000,0.303276,0.332460,0.313838,0.318776,0.029184,0.010562,0.015500,0.518819,0.044245
0.630000,0.308002,0.341746,0.328087,0.333557,0.033744,0.020085,0.025555,0.514865,0.045597
0.640000,0.312723,0.384888,0.356796,0.361879,0.072166,0.044073,0.049156,0.512185,0.046218
0.650000,0.317438,0.336408,0.346939,0.351691,0.018970,0.029501,0.034253,0.511807,0.045388
0.660000,0.322149,0.396083,0.371837,0.376641,0.073934,0.049688,0.054492,0.504608,0.047617
0.670000,0.326857,0.355425,0.363981,0.368869,0.028568,0.037124,0.042012,0.508837,0.045585
0.680000,0.331560,0.364065,0.364365,0.369085,0.032505,0.032805,0.037525,0.510034,0.043352
0.690000,0.336257,0.320825,0.342936,0.349203,0.015431,0.006680,0.012946,0.518343,0.043219
0.700000,0.340948,0.367045,0.355310,0.360859,0.026096,0.014361,0.019910,0.515439,0.042466
0.710000,0.345634,0.420377,0.388174,0.393388,0.074742,0.042540,0.047754,0.510227,0.044366
0.720000,0.350316,0.314012,0.351456,0.356749,0.036304,0.001141,0.006433,0.515260,0.044679
0.730000,0.354994,0.422753,0.387430,0.392471,0.067759,0.032437,0.037477,0.510949,0.046542
0.740000,0.359669,0.419726,0.403939,0.408220,0.060057,0.044271,0.048552,0.514210,0.044513
0.750000,0.364341,0.409571,0.407132,0.411397,0.045229,0.042790,0.047055,0.513308,0.042590
0.760000,0.369013,0.401027,0.404459,0.409574,0.032014,0.035446,0.040561,0.515234,0.042415
0.770000,0.373683,0.397606,0.401408,0.407088,0.023922,0.027725,0.033404,0.517313,0.042258
0.780000,0.378352,0.423946,0.413049,0.418627,0.045594,0.034697,0.040274,0.514473,0.042786
0.790000,0.383020,0.458478,0.436147,0.441181,0.075459,0.053127,0.058162,0.512343,0.042816
0.800000,0.387684,0.439459,0.438208,0.443599,0.051775,0.050524,0.055915,0.512839,0.043211
0.810000,0.392344,0.433080,0.436051,0.441620,0.040736,0.043707,0.049275,0.514834,0.042773
0.820000,0.397002,0.457505,0.447181,0.451381,0.060503,0.050179,0.054380,0.515945,0.042324
0.830000,0.401658,0.403183,0.425596,0.431096,0.001525,0.023938,0.029438,0.524111,0.040221
0.840000,0.406313,0.510562,0.468470,0.474071,0.104249,0.062158,0.067758,0.513747,0.044593
0.850000,0.410965,0.437496,0.453417,0.459462,0.026531,0.042452,0.048497,0.520014,0.043105
0.860000,0.415616,0.467436,0.460844,0.467536,0.051820,0.045228,0.051920,0.518302,0.045353
0.870000,0.420264,0.481963,0.471828,0.477593,0.061699,0.051564,0.057330,0.516002,0.044531
0.880000,0.424910,0.550108,0.511402,0.516696,0.125198,0.086492,0.091786,0.509932,0.047232
0.890000,0.429552,0.480366,0.496357,0.500983,0.050814,0.066805,0.071432,0.506357,0.047874
0.900000,0.434189,0.525552,0.511411,0.515975,0.091363,0.077223,0.081787,0.502783,0.049295
0.910000,0.438820,0.462998,0.487676,0.492840,0.024178,0.048856,0.054020,0.512259,0.047162
0.920000,0.443445,0.481132,0.484851,0.489723,0.037687,0.041406,0.046278,0.514203,0.044919
0.930000,0.448062,0.545155,0.515446,0.520224,0.097093,0.067384,0.072162,0.505443,0.047593
0.940000,0.452672,0.520426,0.518408,0.522875,0.067754,0.065737,0.070204,0.505291,0.045446
0.950000,0.457274,0.435221,0.477289,0.483039,0.022053,0.020015,0.025765,0.518224,0.043848
0.960000,0.461870,0.501530,0.489842,0.496082,0.039660,0.027972,0.034212,0.514865,0.046687
0.970000,0.466460,0.455053,0.472892,0.480866,0.011407,0.006432,0.014406,0.521173,0.048637
0.980000,0.471044,0.564800,0.519272,0.526078,0.093756,0.048228,0.055033,0.507283,0.055338
0.990000,0.475624,0.543089,0.531653,0.537421,0.067465,0.056029,0.061797,0.505017,0.056236
1.000000,0.480200,0.522126,0.527373,0.532598,0.041926,0.047173,0.052398,0.508049,0.054199
1.010000,0.484771,0.566238,0.547284,0.552149,0.081468,0.062513,0.067378,0.503076,0.056245
1.020000,0.489338,0.546785,0.547531,0.552026,0.057447,0.058193,0.062688,0.503754,0.053711
1.030000,0.493901,0.544223,0.546374,0.550917,0.050322,0.052472,0.057016,0.505662,0.052654
1.040000,0.498460,0.584414,0.565888,0.570223,0.085954,0.067428,0.071763,0.500779,0.053225
1.050000,0.503017,0.544191,0.555552,0.559940,0.041174,0.052535,0.056922,0.505850,0.050626
1.060000,0.507573,0.467183,0.511869,0.516414,0.040390,0.004296,0.008842,0.510482,0.051436
1.070000,0.512123,0.554688,0.533735,0.538292,0.042565,0.021612,0.026169,0.504569,0.053387
1.080000,0.516668,0.575689,0.555190,0.559435,0.059021,0.038521,0.042767,0.499109,0.055261
1.090000,0.521208,0.627597,0.591891,0.595194,0.106388,0.070683,0.073986,0.489044,0.059464
1.100000,0.525743,0.640165,0.616562,0.619184,0.114422,0.090819,0.093441,0.483234,0.061584
1.110000,0.530273,0.607382,0.612529,0.614276,0.077109,0.082256,0.084002,0.487047,0.063717
1.120000,0.534802,0.543424,0.578529,0.581364,0.008622,0.043727,0.046562,0.499599,0.061540
1.130000,0.539325,0.520736,0.550149,0.554556,0.018590,0.010824,0.015230,0.509665,0.060310
1.140000,0.543845,0.566505,0.558815,0.563639,0.022660,0.014970,0.019794,0.508079,0.061522
1.150000,0.548360,0.560789,0.560297,0.564949,0.012429,0.011937,0.016589,0.508966,0.059438
1.160000,0.552871,0.583497,0.572393,0.576954,0.030626,0.019522,0.024083,0.506474,0.059059
1.170000,0.557379,0.657082,0.615245,0.618880,0.099703,0.057865,0.061500,0.494584,0.065666
1.180000,0.561884,0.630990,0.623666,0.627384,0.069106,0.061782,0.065500,0.493679,0.063351
1.190000,0.566385,0.598856,0.611817,0.615608,0.032470,0.045432,0.049223,0.495386,0.061401
1.200000,0.570882,0.604830,0.608867,0.612570,0.033948,0.037985,0.041688,0.498103,0.061840
1.210000,0.575373,0.685708,0.647826,0.650171,0.110335,0.072453,0.074798,0.487860,0.068222
1.220000,0.579862,0.586064,0.617522,0.620560,0.006202,0.037660,0.040698,0.498564,0.064954
1.230000,0.584347,0.626544,0.622579,0.625887,0.042197,0.038231,0.041539,0.498510,0.067429
1.240000,0.588828,0.700615,0.662147,0.665539,0.111787,0.073318,0.076711,0.493568,0.069220
1.250000,0.593306,0.632741,0.648032,0.651661,0.039435,0.054726,0.058355,0.499526,0.065768
1.260000,0.597779,0.551849,0.600513,0.604884,0.045930,0.002734,0.007105,0.509316,0.064451
1.270000,0.602249,0.718394,0.659978,0.664027,0.116145,0.057728,0.061778,0.498816,0.070025
1.280000,0.606714,0.703979,0.682561,0.686512,0.097264,0.075846,0.079798,0.497936,0.068580
1.290000,0.611176,0.675006,0.679387,0.683401,0.063830,0.068212,0.072226,0.495510,0.067127
1.300000,0.615633,0.711870,0.696228,0.699369,0.096237,0.080595,0.083736,0.492290,0.070115
1.310000,0.620085,0.681306,0.689382,0.692683,0.061222,0.069297,0.072598,0.496110,0.067982
1.320000,0.624532,0.644865,0.667731,0.671296,0.020333,0.043198,0.046764,0.499618,0.066122
1.330000,0.628974,0.754972,0.711936,0.714317,0.125998,0.082962,0.085344,0.487947,0.072228
1.340000,0.633409,0.718245,0.715717,0.718201,0.084836,0.082308,0.084792,0.488678,0.071308
1.350000,0.637840,0.736747,0.726862,0.728416,0.098907,0.089022,0.090576,0.487459,0.074789
1.360000,0.642265,0.714676,0.721409,0.723534,0.072411,0.079144,0.081269,0.490821,0.073150
1.370000,0.646684,0.666776,0.694725,0.697728,0.020092,0.048041,0.051044,0.500368,0.071469
1.380000,0.651097,0.764838,0.730387,0.733447,0.113741,0.079290,0.082350,0.493111,0.073479
1.390000,0.655504,0.651426,0.691546,0.695701,0.004077,0.036042,0.040197,0.506093,0.071427
1.400000,0.659907,0.760878,0.726811,0.730761,0.100972,0.066905,0.070854,0.499500,0.073047
1.410000,0.664308,0.701046,0.714562,0.719159,0.036738,0.050254,0.054852,0.504433,0.075919
1.420000,0.668706,0.729050,0.722426,0.726932,0.060344,0.053720,0.058226,0.503511,0.076936
1.430000,0.673101,0.754317,0.738998,0.743148,0.081216,0.065897,0.070047,0.500198,0.077658
1.440000,0.677494,0.801543,0.770912,0.774185,0.124049,0.093418,0.096691,0.492715,0.081120
1.450000,0.681883,0.730661,0.751459,0.754963,0.048779,0.069576,0.073081,0.499887,0.077455
1.460000,0.686268,0.747479,0.750121,0.753862,0.061211,0.063853,0.067595,0.501661,0.076527
1.470000,0.690649,0.739799,0.745609,0.749867,0.049150,0.054960,0.059218,0.504219,0.077912
1.480000,0.695025,0.760092,0.753493,0.757846,0.065067,0.058469,0.062822,0.503253,0.079805
1.490000,0.699395,0.850297,0.802545,0.806525,0.150901,0.103150,0.107130,0.498350,0.081904
1.500000,0.703759,0.770179,0.787060,0.791272,0.066420,0.083301,0.087513,0.504140,0.080154
1.510000,0.708114,0.729040,0.758730,0.763794,0.020925,0.050616,0.055680,0.513187,0.076970
1.520000,0.712461,0.754632,0.757332,0.762233,0.042171,0.044871,0.049772,0.514663,0.074182
1.530000,0.716797,0.792051,0.775340,0.780331,0.075253,0.058542,0.063533,0.510510,0.075017
1.540000,0.721125,0.809325,0.792998,0.797283,0.088200,0.071873,0.076158,0.510836,0.072220
1.550000,0.725442,0.826400,0.810380,0.815102,0.100958,0.084938,0.089660,0.506811,0.075252
1.560000,0.729747,0.742714,0.777244,0.783019,0.012967,0.047497,0.053272,0.517303,0.072179
1.570000,0.734041,0.810660,0.794615,0.800844,0.076619,0.060574,0.066804,0.513128,0.075453
1.580000,0.738323,0.919485,0.857729,0.862707,0.181163,0.119406,0.124384,0.500392,0.081713
1.590000,0.742594,0.765744,0.812477,0.818288,0.023150,0.069883,0.075694,0.514318,0.077754
1.600000,0.746855,0.814049,0.813957,0.820123,0.067194,0.067102,0.073268,0.514811,0.078259
1.610000,0.751105,0.900966,0.858155,0.863419,0.149860,0.107050,0.112314,0.506569,0.080898
1.620000,0.755347,0.827332,0.843481,0.848793,0.071985,0.088134,0.093446,0.511891,0.078438
1.630000,0.759580,0.812983,0.828952,0.835216,0.053403,0.069372,0.075636,0.516775,0.077830
1.640000,0.763805,0.780612,0.805487,0.811646,0.016807,0.041682,0.047841,0.523226,0.074294
1.650000,0.768021,0.847932,0.827389,0.833659,0.079911,0.059368,0.065638,0.517805,0.076038
1.660000,0.772231,0.814716,0.821753,0.827578,0.042486,0.049522,0.055348,0.520412,0.073219
1.670000,0.776433,0.906243,0.864691,0.870184,0.129810,0.088258,0.093752,0.509178,0.077514
1.680000,0.780629,0.891296,0.878729,0.883553,0.110667,0.098099,0.102924,0.506567,0.076614
1.690000,0.784821,0.928185,0.904204,0.908459,0.143364,0.119383,0.123638,0.500713,0.078551
1.700000,0.789007,0.896347,0.901047,0.905332,0.107340,0.112040,0.116325,0.503048,0.079892
1.710000,0.793187,0.873157,0.887868,0.892019,0.079969,0.094681,0.098831,0.507289,0.076203
1.720000,0.797361,0.887197,0.888285,0.892835,0.089836,0.090924,0.095475,0.508293,0.076111
1.730000,0.801527,0.868220,0.879003,0.883777,0.066693,0.077476,0.082251,0.512084,0.073822
1.740000,0.805687,0.936054,0.908269,0.913093,0.130367,0.102581,0.107406,0.504765,0.079490
1.750000,0.809841,0.917628,0.913716,0.918246,0.107788,0.103876,0.108405,0.504607,0.079290
1.760000,0.813988,0.943539,0.929399,0.933608,0.129550,0.115411,0.119620,0.501568,0.082115
1.770000,0.818130,0.856398,0.893685,0.899025,0.038268,0.075555,0.080895,0.512634,0.079737
1.780000,0.822266,0.901781,0.898481,0.903859,0.079515,0.076216,0.081593,0.512333,0.079489
1.790000,0.826396,0.896856,0.898420,0.903751,0.070460,0.072024,0.077355,0.513413,0.078224
1.800000,0.830520,0.983256,0.941589,0.946268,0.152736,0.111068,0.115747,0.502558,0.083196
1.810000,0.834638,0.929908,0.936541,0.941113,0.095271,0.101903,0.106475,0.505330,0.082534
1.820000,0.838748,0.912663,0.925387,0.930694,0.073915,0.086639,0.091946,0.509474,0.083477
1.830000,0.842851,0.958352,0.942642,0.947777,0.115502,0.099792,0.104926,0.505914,0.086702
1.840000,0.846946,0.941378,0.942799,0.947805,0.094432,0.095853,0.100859,0.507114,0.086735
1.850000,0.851031,0.959647,0.952010,0.956728,0.108615,0.100978,0.105697,0.505872,0.086853
1.860000,0.855107,0.932980,0.943290,0.948225,0.077874,0.088183,0.093118,0.509382,0.085588
1.870000,0.859174,0.979918,0.962388,0.966882,0.120744,0.103215,0.107709,0.505436,0.085411
1.880000,0.863233,0.993770,0.978881,0.983015,0.130537,0.115648,0.119782,0.502260,0.085890
1.890000,0.867284,0.998532,0.989523,0.993336,0.131248,0.122239,0.126052,0.500758,0.083987
1.900000,0.871329,0.945270,0.968222,0.972731,0.073941,0.096893,0.101402,0.507870,0.082771
1.910000,0.875366,0.931647,0.950737,0.955706,0.056281,0.075371,0.080340,0.513731,0.079980
1.920000,0.879395,1.020662,0.986483,0.990992,0.141266,0.107088,0.111597,0.506200,0.081529
1.930000,0.883415,0.965894,0.977007,0.981723,0.082479,0.093591,0.098308,0.510012,0.079728
1.940000,0.887427,1.060056,1.019338,1.023357,0.172629,0.131911,0.135931,0.499517,0.083539
1.950000,0.891430,0.947414,0.984223,0.988552,0.055984,0.092793,0.097122,0.508980,0.079955
1.960000,0.895425,1.023002,1.004423,1.008739,0.127577,0.108998,0.113314,0.504491,0.082516
1.970000,0.899411,1.061918,1.034000,1.037623,0.162507,0.134589,0.138212,0.497742,0.085779
1.980000,0.903388,0.998755,1.017234,1.020992,0.095366,0.113846,0.117604,0.503814,0.082696
1.990000,0.907357,0.947490,0.983201,0.988787,0.040133,0.075844,0.081430,0.514061,0.081829
2.000000,0.911319,1.061648,1.023228,1.028024,0.150330,0.111909,0.116706,0.504300,0.084875
2.010000,0.915273,1.080142,1.052526,1.056315,0.164869,0.137253,0.141042,0.497799,0.089521
2.020000,0.919220,1.008889,1.031576,1.035720,0.089669,0.112357,0.116501,0.504828,0.088387
2.030000,0.923159,0.967976,1.000623,1.005949,0.044818,0.077464,0.082790,0.514068,0.085958
2.040000,0.927090,1.058680,1.030465,1.035470,0.131590,0.103375,0.108380,0.507118,0.088779
2.050000,0.931014,1.055314,1.043731,1.048291,0.124300,0.112717,0.117277,0.504839,0.089138
2.060000,0.934932,1.023901,1.034670,1.039602,0.088969,0.099737,0.104670,0.508388,0.089121
2.070000,0.938842,1.042561,1.039458,1.044217,0.103719,0.100616,0.105375,0.508267,0.088404
2.080000,0.942744,1.044361,1.042756,1.047423,0.101617,0.100011,0.104678,0.508526,0.087453
2.090000,0.946638,1.073835,1.059143,1.063440,0.127197,0.112505,0.116803,0.505338,0.087084
2.100000,0.950521,1.040362,1.050614,1.055363,0.089841,0.100093,0.104842,0.508739,0.086777
2.110000,0.954394,1.084937,1.068628,1.073314,0.130543,0.114233,0.118919,0.505013,0.090319
2.120000,0.958258,1.041061,1.055713,1.060770,0.082803,0.097454,0.102512,0.509559,0.089553
2.130000,0.962114,1.079102,1.068261,1.072876,0.116988,0.106147,0.110762,0.507418,0.088762
2.140000,0.965960,1.129116,1.099553,1.103533,0.163157,0.133593,0.137574,0.500359,0.092199
2.150000,0.969797,1.063862,1.082601,1.086976,0.094065,0.112804,0.117179,0.506105,0.091531
2.160000,0.973627,1.073633,1.078992,1.083509,0.100007,0.105366,0.109882,0.508183,0.090323
2.170000,0.977449,1.071579,1.076155,1.081044,0.094130,0.098707,0.103595,0.509940,0.090020
2.180000,0.981263,1.117414,1.097650,1.102403,0.136151,0.116387,0.121140,0.505347,0.093511
2.190000,0.985069,1.083468,1.091444,1.095816,0.098399,0.106375,0.110747,0.508244,0.089924
2.200000,0.988867,1.129580,1.111389,1.115418,0.140714,0.122522,0.126551,0.504147,0.089616
2.210000,0.992657,1.077564,1.095372,1.100586,0.084907,0.102714,0.107928,0.509352,0.091484
2.220000,0.996441,1.054429,1.075778,1.082741,0.057988,0.079337,0.086300,0.515099,0.093450
2.230000,1.000217,1.094474,1.085982,1.092751,0.094257,0.085765,0.092533,0.513405,0.095380
2.240000,1.003987,1.108949,1.098330,1.104955,0.104962,0.094343,0.100968,0.511206,0.098476
2.250000,1.007749,1.097209,1.098645,1.105894,0.089460,0.090895,0.098144,0.511937,0.102701
2.260000,1.011503,1.148235,1.124313,1.130227,0.136732,0.112810,0.118724,0.506849,0.104475
2.270000,1.015246,1.152329,1.139219,1.144723,0.137083,0.123973,0.129477,0.504324,0.111136
2.280000,1.018980,1.108358,1.124699,1.130060,0.089378,0.105719,0.111080,0.508962,0.109192
2.290000,1.022705,1.101932,1.114210,1.120358,0.079228,0.091505,0.097653,0.512282,0.109736
2.300000,1.026422,1.157280,1.136627,1.142071,0.130857,0.110205,0.115649,0.507979,0.110773
2.310000,1.030132,1.149377,1.143905,1.148783,0.119245,0.113773,0.118651,0.507369,0.109256
2.320000,1.033835,1.167892,1.156807,1.161726,0.134057,0.122972,0.127891,0.505263,0.113082
2.330000,1.037533,1.130821,1.144733,1.149603,0.093288,0.107201,0.112070,0.509219,0.110169
2.340000,1.041225,1.162669,1.154607,1.159946,0.121444,0.113382,0.118721,0.507705,0.113726
2.350000,1.044913,1.193171,1.174803,1.179556,0.148259,0.129890,0.134643,0.504055,0.115810
2.360000,1.048596,1.102611,1.139639,1.144500,0.054015,0.091043,0.095904,0.512454,0.110418
2.370000,1.052275,1.183881,1.162655,1.167828,0.131606,0.110379,0.115553,0.507772,0.114223
2.380000,1.055952,1.178563,1.171525,1.176762,0.122611,0.115573,0.120810,0.506648,0.117018
2.390000,1.059625,1.184225,1.178798,1.183437,0.124599,0.119172,0.123811,0.506091,0.115112
2.400000,1.063296,1.208234,1.194445,1.198880,0.144939,0.131149,0.135584,0.503473,0.118481
2.410000,1.066964,1.215754,1.206042,1.210026,0.148790,0.139077,0.143062,0.501951,0.118760
2.420000,1.070631,1.189954,1.198950,1.203045,0.119322,0.128318,0.132414,0.504708,0.117506
2.430000,1.074298,1.137184,1.169010,1.174281,0.062886,0.094712,0.099983,0.512494,0.114820
2.440000,1.077964,1.192272,1.181552,1.186771,0.114308,0.103588,0.108807,0.510432,0.114737
2.450000,1.081628,1.248882,1.216139,1.220654,0.167254,0.134511,0.139026,0.503399,0.117299
2.460000,1.085289,1.225913,1.221981,1.226278,0.140624,0.136691,0.140988,0.503167,0.119451
2.470000,1.088948,1.228080,1.225989,1.230155,0.139133,0.137042,0.141208,0.503349,0.120611
2.480000,1.092603,1.208051,1.217981,1.222306,0.115448,0.125378,0.129703,0.506239,0.118967
2.490000,1.096257,1.221196,1.220539,1.225362,0.124938,0.124282,0.129104,0.506533,0.121418
2.500000,1.099910,1.244037,1.233239,1.237556,0.144127,0.133330,0.137647,0.504721,0.120114
2.510000,1.103561,1.131546,1.183355,1.188427,0.027985,0.079794,0.084866,0.514997,0.115002
2.520000,1.107210,1.293932,1.239554,1.243944,0.186722,0.132344,0.136733,0.502897,0.120144
2.530000,1.110859,1.225926,1.233705,1.237727,0.115067,0.122846,0.126868,0.505423,0.115905
2.540000,1.114508,1.267008,1.251313,1.255112,0.152500,0.136805,0.140604,0.502362,0.117271
2.550000,1.118159,1.240999,1.247129,1.251268,0.122840,0.128970,0.133109,0.504378,0.118853
2.560000,1.121811,1.198214,1.223638,1.228826,0.076403,0.101827,0.107015,0.510650,0.117601
2.570000,1.125464,1.236958,1.231239,1.236720,0.111494,0.105775,0.111255,0.509707,0.119029
2.580000,1.129120,1.288243,1.260688,1.265321,0.159123,0.131568,0.136201,0.504024,0.120328
2.590000,1.132777,1.258283,1.260460,1.264773,0.125506,0.127683,0.131996,0.505200,0.118557
2.600000,1.136433,1.259425,1.260915,1.265232,0.122992,0.124482,0.128799,0.506118,0.117600
2.610000,1.140089,1.244540,1.253698,1.258314,0.104451,0.113610,0.118226,0.508736,0.115999
2.620000,1.143744,1.247788,1.251705,1.257235,0.104045,0.107961,0.113491,0.509928,0.118184
2.630000,1.147397,1.317770,1.285695,1.290233,0.170373,0.138298,0.142836,0.503204,0.119605
2.640000,1.151050,1.264549,1.276112,1.280851,0.113499,0.125062,0.129801,0.506459,0.119781
2.650000,1.154701,1.256113,1.267090,1.271732,0.101412,0.112389,0.117031,0.509549,0.116482
2.660000,1.158350,1.285612,1.277318,1.281926,0.127262,0.118968,0.123575,0.508088,0.116146
2.670000,1.161998,1.360910,1.320090,1.323787,0.198913,0.158092,0.161789,0.499249,0.119069
2.680000,1.165643,1.293580,1.307852,1.311473,0.127937,0.142208,0.145830,0.503325,0.115993
2.690000,1.169286,1.328978,1.319417,1.322897,0.159692,0.150131,0.153612,0.501711,0.116906
2.700000,1.172926,1.314134,1.317787,1.321450,0.141208,0.144861,0.148524,0.503179,0.117663
2.710000,1.176560,1.308404,1.314103,1.317931,0.131844,0.137543,0.141370,0.505087,0.116192
2.720000,1.180188,1.269412,1.292760,1.297019,0.089224,0.112572,0.116832,0.511043,0.111754
2.730000,1.183809,1.330947,1.312833,1.317287,0.147139,0.129024,0.133478,0.507124,0.113754
2.740000,1.187423,1.270439,1.292633,1.298050,0.083016,0.105210,0.110627,0.512673,0.112353
2.750000,1.191031,1.344025,1.319304,1.324139,0.152994,0.128273,0.133108,0.507362,0.113414
2.760000,1.194631,1.358102,1.339703,1.344097,0.163471,0.145071,0.149466,0.503611,0.116605
2.770000,1.198223,1.393252,1.367495,1.370932,0.195029,0.169272,0.172709,0.498363,0.119078
2.780000,1.201806,1.314891,1.342237,1.346106,0.113085,0.140431,0.144300,0.505411,0.116687
2.790000,1.205378,1.337314,1.340792,1.344989,0.131936,0.135414,0.139611,0.506695,0.116373
2.800000,1.208940,1.332548,1.337683,1.342304,0.123608,0.128743,0.133364,0.508313,0.116259
2.810000,1.212491,1.377787,1.358743,1.363142,0.165295,0.146251,0.150651,0.504386,0.119521
2.820000,1.216034,1.375683,1.368240,1.372243,0.159649,0.152205,0.156209,0.503309,0.119665
2.830000,1.219569,1.356661,1.363485,1.367877,0.137092,0.143916,0.148308,0.505389,0.121651
2.840000,1.223093,1.428660,1.397100,1.400598,0.205566,0.174006,0.177505,0.498878,0.123528
2.850000,1.226608,1.303022,1.351120,1.356449,0.076414,0.124512,0.129841,0.510223,0.122815
2.860000,1.230111,1.443411,1.398276,1.402474,0.213300,0.168165,0.172363,0.500680,0.129596
2.870000,1.233601,1.380215,1.390302,1.394076,0.146614,0.156701,0.160475,0.503648,0.125402
2.880000,1.237078,1.326795,1.359594,1.364123,0.089717,0.122516,0.127044,0.511462,0.120908
2.890000,1.240543,1.466786,1.414203,1.417880,0.226244,0.173661,0.177337,0.500072,0.125457
2.900000,1.243992,1.393420,1.404877,1.408610,0.149427,0.160885,0.164617,0.503310,0.125175
2.910000,1.247428,1.486579,1.446783,1.449300,0.239151,0.199355,0.201872,0.495114,0.130206
2.920000,1.250849,1.397103,1.423037,1.425963,0.146253,0.172187,0.175113,0.501613,0.129309
2.930000,1.254259,1.388270,1.406722,1.410761,0.134012,0.152463,0.156502,0.506077,0.130463
2.940000,1.257655,1.351390,1.380105,1.385329,0.093735,0.122450,0.127674,0.512630,0.127908
2.950000,1.261039,1.440644,1.411396,1.416385,0.179605,0.150356,0.155346,0.506576,0.131563
2.960000,1.264412,1.440475,1.426985,1.431575,0.176063,0.162574,0.167164,0.504168,0.134470
2.970000,1.267774,1.344779,1.386946,1.392414,0.077005,0.119172,0.124641,0.513669,0.129717
2.980000,1.271123,1.472927,1.430958,1.435901,0.201804,0.159835,0.164778,0.504938,0.135411
2.990000,1.274462,1.375963,1.404524,1.410103,0.101502,0.130062,0.135641,0.511475,0.132942
3.000000,1.277791,1.896646,1.651620,1.632479,0.618855,0.373829,0.354688,0.464237,0.182963
3.010000,1.281111,1.932590,1.793385,1.749815,0.651479,0.512274,0.468703,0.443034,0.219582
3.020000,1.284423,1.959697,1.877960,1.815682,0.675275,0.593538,0.531260,0.433181,0.250110
3.030000,1.287725,1.941340,1.911151,1.838618,0.653615,0.623426,0.550893,0.431395,0.274723
3.040000,1.291019,1.941995,1.928104,1.847564,0.650975,0.637085,0.556544,0.431953,0.299350
3.050000,1.294306,1.889619,1.910406,1.832216,0.595313,0.616101,0.537910,0.436053,0.316851
3.060000,1.297583,2.007683,1.960569,1.880055,0.710100,0.662986,0.582472,0.431021,0.340449
3.070000,1.300852,1.977595,1.970653,1.887608,0.676743,0.669802,0.586756,0.431695,0.360272
3.080000,1.304114,1.924386,1.949098,1.866406,0.620272,0.644984,0.562292,0.436022,0.376977
3.090000,1.307368,1.951120,1.951662,1.868337,0.643752,0.644295,0.560969,0.437264,0.396547
3.100000,1.310615,1.961083,1.957926,1.879436,0.650469,0.647311,0.568822,0.437359,0.411478
3.110000,1.313856,1.952932,1.956985,1.880663,0.639077,0.643130,0.566808,0.438581,0.425509
3.120000,1.317090,1.972724,1.966407,1.895228,0.655633,0.649316,0.578138,0.438271,0.436323
3.130000,1.320319,1.971091,1.970307,1.898541,0.650773,0.649989,0.578222,0.439199,0.448810
3.140000,1.323540,2.044834,2.009130,1.932296,0.721294,0.685590,0.608756,0.436855,0.466828
3.150000,1.326756,1.977283,1.994801,1.911065,0.650527,0.668045,0.584309,0.440296,0.484457
3.160000,1.329966,1.992946,1.995451,1.915248,0.662979,0.665485,0.585282,0.441038,0.497612
3.170000,1.333171,1.988597,1.993599,1.916228,0.655425,0.660427,0.583057,0.442068,0.509361
3.180000,1.336371,2.012968,2.004853,1.927354,0.676597,0.668482,0.590983,0.442097,0.523044
3.190000,1.339566,2.077501,2.042755,1.963637,0.737935,0.703189,0.624071,0.439778,0.538669
3.200000,1.342754,1.997862,2.021921,1.941352,0.655108,0.679167,0.598599,0.442890,0.550155
3.210000,1.345936,1.989530,2.007314,1.929401,0.643594,0.661379,0.583465,0.444975,0.560093
3.220000,1.349110,1.997105,2.003780,1.929645,0.647994,0.654670,0.580535,0.445930,0.568870
3.230000,1.352279,1.989046,1.997978,1.928105,0.636767,0.645699,0.575826,0.447015,0.575245
3.240000,1.355441,2.013770,2.007429,1.937918,0.658329,0.651988,0.582477,0.447108,0.584347
3.250000,1.358597,2.059543,2.035047,1.961206,0.700946,0.676450,0.602609,0.446063,0.598315
3.260000,1.361747,2.006003,2.022111,1.949919,0.644256,0.660364,0.588172,0.447912,0.605402
3.270000,1.364891,2.003590,2.014421,1.944458,0.638699,0.649529,0.579567,0.449242,0.612112
3.280000,1.368030,2.012430,2.014984,1.947475,0.644400,0.646954,0.579445,0.449860,0.618295
3.290000,1.371165,1.995210,2.006654,1.944019,0.624045,0.635489,0.572854,0.450984,0.620208
3.300000,1.374296,2.008819,2.009282,1.947326,0.634523,0.634986,0.573030,0.451554,0.625059
3.310000,1.377422,2.027020,2.019696,1.958478,0.649598,0.642274,0.581056,0.451496,0.629961
3.320000,1.380542,2.055151,2.038975,1.978246,0.674609,0.658433,0.597704,0.450762,0.634859
3.330000,1.383656,2.048896,2.045504,1.985467,0.665240,0.661848,0.601811,0.451021,0.637918
3.340000,1.386763,2.089316,2.068982,2.004992,0.702553,0.682218,0.618229,0.450320,0.646364
3.350000,1.389863,2.070845,2.071505,2.006367,0.680981,0.681642,0.616503,0.451030,0.652150
3.360000,1.392957,2.065787,2.070237,2.001762,0.672830,0.677280,0.608805,0.452183,0.661057
3.370000,1.396046,2.055157,2.064284,2.003051,0.659111,0.668238,0.607005,0.452868,0.660323
3.380000,1.399130,2.096238,2.081839,2.017888,0.697109,0.682709,0.618758,0.452528,0.668084
3.390000,1.402209,2.064657,2.074840,2.014120,0.662448,0.672631,0.611911,0.453580,0.669010
3.400000,1.405284,2.040527,2.059266,1.999632,0.635243,0.653981,0.594348,0.455417,0.670797
3.410000,1.408355,2.069501,2.065946,2.009424,0.661146,0.657592,0.601069,0.455433,0.671800
3.420000,1.411420,2.050257,2.059669,2.003211,0.638837,0.648248,0.591790,0.456631,0.673886
3.430000,1.414481,2.092018,2.077401,2.020595,0.677537,0.662919,0.606114,0.456081,0.678273
3.440000,1.417537,2.048054,2.064299,2.008109,0.630517,0.646762,0.590572,0.457720,0.679751
3.450000,1.420589,2.072677,2.070044,2.015237,0.652088,0.649455,0.594648,0.457912,0.681889
3.460000,1.423635,2.051399,2.062280,2.009448,0.627765,0.638646,0.585814,0.459037,0.681843
3.470000,1.426674,2.134579,2.099977,2.046218,0.707904,0.673303,0.619544,0.457074,0.686992
3.480000,1.429708,2.069278,2.086209,2.033932,0.639570,0.656501,0.604224,0.458672,0.685705
3.490000,1.432735,2.131530,2.110435,2.057790,0.698795,0.677700,0.625056,0.457651,0.688743
3.500000,1.435756,2.133984,2.123796,2.070175,0.698228,0.688040,0.634419,0.457466,0.691344
3.510000,1.438774,2.171779,2.149384,2.092913,0.733005,0.710610,0.654140,0.456543,0.697086
3.520000,1.441787,2.091387,2.122004,2.065903,0.649601,0.680218,0.624116,0.459179,0.697472
3.530000,1.444796,2.134372,2.129777,2.075559,0.689577,0.684981,0.630763,0.459178,0.699258
3.540000,1.447800,2.080089,2.106526,2.053729,0.632289,0.658726,0.605929,0.461405,0.699070
3.550000,1.450800,2.138340,2.123999,2.072324,0.687540,0.673199,0.621524,0.460756,0.701798
3.560000,1.453796,2.176977,2.152069,2.098489,0.723181,0.698273,0.644693,0.459583,0.707459
3.570000,1.456787,2.091068,2.123174,2.071630,0.634281,0.666387,0.614843,0.462135,0.705694
3.580000,1.459773,2.150862,2.138591,2.087035,0.691089,0.678818,0.627262,0.461710,0.709318
3.590000,1.462755,2.147941,2.144852,2.094029,0.685186,0.682097,0.631274,0.461876,0.711024
3.600000,1.465731,2.131233,2.139631,2.090275,0.665502,0.673900,0.624544,0.462786,0.710820
3.610000,1.468701,2.163293,2.153043,2.104654,0.694592,0.684341,0.635953,0.462431,0.711787
3.620000,1.471665,2.141196,2.148710,2.101149,0.669531,0.677045,0.629484,0.463317,0.711211
3.630000,1.474621,2.163721,2.157799,2.110923,0.689100,0.683178,0.636302,0.463278,0.711559
3.640000,1.477568,2.169566,2.165272,2.117694,0.691998,0.687704,0.640126,0.463447,0.713272
3.650000,1.480508,2.081704,2.125081,2.079562,0.601196,0.644573,0.599054,0.466711,0.709941
3.660000,1.483439,2.127538,2.127859,2.082492,0.644098,0.644420,0.599053,0.467114,0.712734
3.670000,1.486363,2.190276,2.160617,2.117335,0.703913,0.674254,0.630972,0.465325,0.713614
3.680000,1.489280,2.159733,2.161754,2.116923,0.670453,0.672474,0.627643,0.465970,0.715579
3.690000,1.492191,2.218468,2.191689,2.147483,0.726277,0.699498,0.655292,0.464488,0.716933
3.700000,1.495094,2.182721,2.188809,2.144776,0.687627,0.693714,0.649682,0.465297,0.715855
3.710000,1.497990,2.215345,2.203675,2.157990,0.717355,0.705685,0.659999,0.465009,0.718806
3.720000,1.500878,2.183787,2.195341,2.151464,0.682909,0.694462,0.650586,0.466072,0.716595
3.730000,1.503758,2.180872,2.189704,2.148496,0.677113,0.685946,0.644738,0.466885,0.712814
3.740000,1.506631,2.158773,2.175828,2.133587,0.652141,0.669196,0.626956,0.468512,0.713621
3.750000,1.509497,2.199440,2.189206,2.144868,0.689943,0.679709,0.635371,0.468331,0.719451
3.760000,1.512355,2.174678,2.183525,2.141271,0.662322,0.671169,0.628916,0.469161,0.719137
3.770000,1.515208,2.287270,2.236971,2.193852,0.772063,0.721764,0.678645,0.466178,0.724431
3.780000,1.518054,2.189094,2.214656,2.170628,0.671040,0.696603,0.652575,0.468355,0.725021
3.790000,1.520894,2.274124,2.245988,2.201719,0.753230,0.725095,0.680826,0.466845,0.728970
3.800000,1.523729,2.245772,2.247507,2.206717,0.722043,0.723778,0.682988,0.467105,0.724551
3.810000,1.526559,2.195758,2.223257,2.182699,0.669199,0.696698,0.656140,0.469325,0.722242
3.820000,1.529382,2.245364,2.235908,2.194019,0.715982,0.706526,0.664637,0.469139,0.725864
3.830000,1.532199,2.288319,2.263720,2.223621,0.756120,0.731521,0.691422,0.467727,0.725464
3.840000,1.535009,2.194542,2.230763,2.190475,0.659533,0.695754,0.655466,0.470554,0.723770
3.850000,1.537812,2.177656,2.205805,2.167119,0.639845,0.667993,0.629307,0.472690,0.722708
3.860000,1.540607,2.179562,2.194250,2.158947,0.638955,0.653643,0.618340,0.473784,0.719545
3.870000,1.543395,2.211566,2.204461,2.171624,0.668171,0.661065,0.628228,0.473471,0.716706
3.880000,1.546175,2.210104,2.208842,2.175274,0.663929,0.662667,0.629099,0.473768,0.717395
3.890000,1.548945,2.292907,2.252435,2.218936,0.743961,0.703490,0.669991,0.471370,0.718323
3.900000,1.551709,2.260645,2.258141,2.223158,0.708937,0.706433,0.671449,0.471648,0.718386
3.910000,1.554465,2.243383,2.252366,2.218536,0.688917,0.697900,0.664071,0.472521,0.715002
3.920000,1.557218,2.214957,2.235256,2.200720,0.657740,0.678038,0.643503,0.474282,0.715267
3.930000,1.559965,2.244399,2.241402,2.206847,0.684433,0.681436,0.646882,0.474408,0.717404
3.940000,1.562708,2.229771,2.237164,2.203935,0.667063,0.674456,0.641227,0.475140,0.716767
3.950000,1.565444,2.282703,2.261503,2.228456,0.717259,0.696059,0.663012,0.474022,0.718401
3.960000,1.568175,2.221856,2.243271,2.212225,0.653681,0.675096,0.644050,0.475653,0.714020
3.970000,1.570902,2.281226,2.263818,2.233156,0.710324,0.692916,0.662254,0.474771,0.713739
3.980000,1.573626,2.226033,2.246513,2.215019,0.652406,0.672886,0.641393,0.476531,0.714258
3.990000,1.576347,2.309835,2.279740,2.247845,0.733488,0.703394,0.671498,0.474844,0.717349
4.000000,1.579061,1.778126,2.030530,2.012815,0.199065,0.451469,0.433754,0.480643,0.697778
4.010000,1.581773,1.724810,1.879014,1.868870,0.143037,0.297241,0.287097,0.487737,0.667668
4.020000,1.584481,1.751136,1.816265,1.810887,0.166655,0.231784,0.226406,0.492192,0.637415
4.030000,1.587185,1.788818,1.803667,1.800300,0.201633,0.216482,0.213115,0.493336,0.617860
4.040000,1.589885,1.821600,1.813743,1.811879,0.231715,0.223858,0.221994,0.492863,0.597067
4.050000,1.592583,1.792175,1.804077,1.802927,0.199592,0.211494,0.210344,0.493941,0.577204
4.060000,1.595280,1.803242,1.804766,1.804140,0.207963,0.209487,0.208861,0.494244,0.558457
4.070000,1.597973,1.813569,1.810272,1.809505,0.215596,0.212299,0.211532,0.494219,0.544530
4.080000,1.600666,1.801097,1.806792,1.806698,0.200431,0.206127,0.206033,0.494863,0.524868
4.090000,1.603356,1.827789,1.818393,1.818146,0.224433,0.215037,0.214790,0.494318,0.511165
4.100000,1.606045,1.834969,1.827793,1.827635,0.228924,0.221748,0.221590,0.493934,0.495804
4.110000,1.608732,1.776347,1.803188,1.803438,0.167614,0.194456,0.194706,0.496530,0.479715
4.120000,1.611418,1.827543,1.816457,1.816925,0.216125,0.205039,0.205507,0.495741,0.465883
4.130000,1.614102,1.857599,1.838131,1.838073,0.243497,0.224029,0.223971,0.494229,0.456643
4.140000,1.616782,1.852112,1.846244,1.846077,0.235330,0.229462,0.229294,0.493950,0.444675
4.150000,1.619459,1.888326,1.868413,1.867696,0.268867,0.248955,0.248238,0.492349,0.435759
4.160000,1.622131,1.839475,1.855093,1.854852,0.217344,0.232961,0.232721,0.494140,0.420822
4.170000,1.624798,1.772298,1.814828,1.815501,0.147500,0.190030,0.190703,0.498636,0.407054
4.180000,1.627461,1.826227,1.821618,1.822620,0.198767,0.194157,0.195160,0.498369,0.400595
4.190000,1.630118,1.826488,1.825148,1.826470,0.196370,0.195029,0.196351,0.498444,0.389739
4.200000,1.632773,1.837928,1.832634,1.834073,0.205155,0.199861,0.201299,0.498119,0.379298
4.210000,1.635425,1.861649,1.848243,1.849520,0.226224,0.212818,0.214095,0.496936,0.370374
4.220000,1.638073,1.841102,1.845787,1.847050,0.203029,0.207714,0.208977,0.497738,0.361726
4.230000,1.640717,1.858173,1.853090,1.854454,0.217456,0.212373,0.213737,0.497425,0.351061
4.240000,1.643356,1.881039,1.868180,1.869149,0.237682,0.224823,0.225792,0.496264,0.345419
4.250000,1.645992,1.840431,1.855433,1.856763,0.194440,0.209442,0.210772,0.498287,0.333676
4.260000,1.648623,1.813238,1.835449,1.837499,0.164615,0.186826,0.188876,0.501156,0.327386
4.270000,1.651250,1.886829,1.862230,1.864030,0.235579,0.210980,0.212780,0.498450,0.323345
4.280000,1.653873,1.870785,1.867622,1.869248,0.216911,0.213749,0.215374,0.498369,0.318328
4.290000,1.656494,1.930032,1.899946,1.900490,0.273539,0.243452,0.243996,0.495043,0.318858
4.300000,1.659113,1.903170,1.902707,1.903223,0.244058,0.243594,0.244110,0.495321,0.311752
4.310000,1.661730,1.850163,1.877584,1.878745,0.188433,0.215854,0.217015,0.499066,0.302556
4.320000,1.664345,1.815040,1.847434,1.849799,0.150695,0.183088,0.185453,0.503388,0.294498
4.330000,1.666957,1.908786,1.879199,1.881401,0.241829,0.212242,0.214444,0.499777,0.294629
4.340000,1.669564,1.915040,1.898239,1.899948,0.245476,0.228674,0.230383,0.497914,0.292451
4.350000,1.672169,1.894608,1.897559,1.899175,0.222440,0.225391,0.227006,0.498630,0.288533
4.360000,1.674770,1.942448,1.921136,1.922283,0.267677,0.246366,0.247512,0.496141,0.285459
4.370000,1.677369,1.914318,1.918881,1.919865,0.236949,0.241512,0.242496,0.497123,0.281895
4.380000,1.679963,1.862650,1.891915,1.893819,0.182686,0.211951,0.213856,0.501327,0.278015
4.390000,1.682554,1.953795,1.923975,1.925353,0.271242,0.241422,0.242799,0.497587,0.280010
4.400000,1.685140,1.948346,1.937311,1.938297,0.263206,0.252171,0.253157,0.496449,0.277609
4.410000,1.687722,2.011313,1.975473,1.975896,0.323592,0.287752,0.288175,0.491906,0.274091
4.420000,1.690300,1.878310,1.928089,1.929178,0.188010,0.237789,0.238878,0.499238,0.266501
4.430000,1.692878,1.886877,1.908630,1.910812,0.193999,0.215752,0.217934,0.502476,0.262750
4.440000,1.695455,1.894839,1.902860,1.906134,0.199383,0.207404,0.210679,0.503724,0.263868
4.450000,1.698033,1.928892,1.916993,1.920071,0.230859,0.218961,0.222038,0.502311,0.260154
4.460000,1.700609,1.906464,1.912858,1.916433,0.205854,0.212248,0.215824,0.503422,0.260778
4.470000,1.703186,1.912562,1.913833,1.917468,0.209376,0.210647,0.214283,0.503843,0.257837
4.480000,1.705761,1.883685,1.899880,1.904665,0.177924,0.194120,0.198904,0.506251,0.258465
4.490000,1.708334,1.947793,1.924942,1.929233,0.239459,0.216608,0.220899,0.503263,0.260692
4.500000,1.710908,2.004615,1.965907,1.968628,0.293708,0.254999,0.257720,0.498205,0.263982
4.510000,1.713480,2.007523,1.987882,1.989503,0.294043,0.274402,0.276023,0.495873,0.261829
4.520000,1.716051,1.937872,1.964064,1.965896,0.221821,0.248013,0.249845,0.499984,0.259151
4.530000,1.718619,1.962962,1.964673,1.966750,0.244343,0.246054,0.248131,0.500493,0.259633
4.540000,1.721184,1.958660,1.962826,1.965181,0.237476,0.241642,0.243996,0.501340,0.257023
4.550000,1.723745,1.981335,1.973235,1.975537,0.257590,0.249490,0.251792,0.500450,0.256329
4.560000,1.726302,1.956546,1.966053,1.968709,0.230244,0.239751,0.242407,0.502071,0.254119
4.570000,1.728856,2.010433,1.989396,1.991554,0.281576,0.260540,0.262697,0.499341,0.257380
4.580000,1.731411,1.928032,1.959888,1.962958,0.196621,0.228477,0.231548,0.504142,0.252931
4.590000,1.733966,1.977866,1.970020,1.973150,0.243900,0.236054,0.239184,0.503224,0.249879
4.600000,1.736522,1.900069,1.936195,1.940775,0.163547,0.199673,0.204253,0.508580,0.245205
4.610000,1.739079,1.978471,1.958447,1.962984,0.239393,0.219368,0.223905,0.505801,0.245297
4.620000,1.741637,1.960384,1.960549,1.964832,0.218747,0.218912,0.223195,0.506076,0.240988
4.630000,1.744198,1.969640,1.966229,1.970692,0.225443,0.222031,0.226494,0.505746,0.240441
4.640000,1.746762,2.019581,1.994042,1.997802,0.272820,0.247281,0.251040,0.502223,0.242511
4.650000,1.749327,1.991172,1.993770,1.997263,0.241844,0.244442,0.247936,0.502921,0.240381
4.660000,1.751894,2.004025,2.000058,2.003568,0.252131,0.248164,0.251674,0.502575,0.243412
4.670000,1.754461,1.932155,1.967270,1.971599,0.177694,0.212809,0.217138,0.507986,0.237352
4.680000,1.757029,1.982008,1.975768,1.980741,0.224979,0.218740,0.223712,0.507124,0.238545
4.690000,1.759597,1.918945,1.948492,1.954542,0.159348,0.188895,0.194945,0.511612,0.234399
4.700000,1.762167,1.961746,1.956225,1.962521,0.199578,0.194057,0.200354,0.510862,0.233341
4.710000,1.764740,2.029733,1.994090,1.999671,0.264993,0.229350,0.234931,0.505684,0.237549
4.720000,1.767315,1.974415,1.985399,1.991441,0.207100,0.218085,0.224126,0.507494,0.239330
4.730000,1.769893,2.047074,2.017373,2.022329,0.277181,0.247479,0.252435,0.503370,0.244090
4.740000,1.772476,2.043733,2.031719,2.035666,0.271257,0.259243,0.263190,0.501965,0.245250
4.750000,1.775062,1.963660,1.998867,2.003899,0.188598,0.223805,0.228837,0.507331,0.243382
4.760000,1.777651,2.025193,2.013173,2.018137,0.247542,0.235522,0.240485,0.505733,0.244929
4.770000,1.780243,2.045164,2.030323,2.034763,0.264921,0.250080,0.254520,0.503809,0.246779
4.780000,1.782839,1.962204,1.997433,2.002831,0.179365,0.214594,0.219993,0.509125,0.242712
4.790000,1.785436,1.978907,1.989304,1.994788,0.193471,0.203868,0.209352,0.510808,0.237583
4.800000,1.788036,2.060595,2.026074,2.030959,0.272559,0.238038,0.242923,0.505839,0.238886
4.810000,1.790637,2.051672,2.040031,2.044490,0.261035,0.249394,0.253853,0.504346,0.239892
4.820000,1.793241,2.031759,2.037065,2.041580,0.238519,0.243825,0.248339,0.505364,0.239417
4.830000,1.795845,2.037124,2.038259,2.043083,0.241279,0.242414,0.247238,0.505696,0.241144
4.840000,1.798450,2.038719,2.039652,2.044743,0.240268,0.241202,0.246292,0.505998,0.243030
4.850000,1.801057,2.027221,2.034599,2.039927,0.226163,0.233542,0.238869,0.507259,0.242397
4.860000,1.803666,2.114705,2.075807,2.079923,0.311039,0.272141,0.276257,0.501811,0.247663
4.870000,1.806276,2.086917,2.082556,2.085932,0.280640,0.276280,0.279656,0.501527,0.247572
4.880000,1.808886,1.969226,2.027089,2.032171,0.160340,0.218204,0.223285,0.510137,0.241227
4.890000,1.811495,2.096599,2.062985,2.067670,0.285104,0.251489,0.256175,0.505322,0.243466
4.900000,1.814106,2.083134,2.074233,2.078490,0.269028,0.260128,0.264384,0.504258,0.243281
4.910000,1.816718,2.043683,2.060141,2.064829,0.226964,0.243423,0.248111,0.506875,0.240958
4.920000,1.819333,2.041188,2.051831,2.057391,0.221854,0.232497,0.238057,0.508518,0.240899
4.930000,1.821952,2.113781,2.083962,2.088738,0.291829,0.262010,0.266786,0.504329,0.243729
4.940000,1.824575,2.060584,2.073459,2.078438,0.236009,0.248884,0.253863,0.506438,0.242808
4.950000,1.827202,2.051050,2.063427,2.068890,0.223847,0.236225,0.241687,0.508395,0.241259
4.960000,1.829834,2.093670,2.079709,2.084727,0.263836,0.249875,0.254893,0.506528,0.240635
4.970000,1.832469,2.112021,2.097039,2.101491,0.279552,0.264571,0.269023,0.504543,0.240962
4.980000,1.835108,2.013489,2.056453,2.063024,0.178380,0.221345,0.227916,0.510906,0.239993
4.990000,1.837753,2.045021,2.051884,2.058787,0.207268,0.214131,0.221034,0.511992,0.238127
5.000000,1.840404,2.138289,2.096226,2.102128,0.297885,0.255822,0.261724,0.505943,0.242859
5.010000,1.843062,2.082228,2.090409,2.096520,0.239167,0.247347,0.253459,0.507320,0.244838
5.020000,1.845727,2.081679,2.087218,2.093129,0.235953,0.241491,0.247402,0.508332,0.243290
5.030000,1.848399,2.046385,2.067969,2.074161,0.197985,0.219570,0.225761,0.511644,0.238557
5.040000,1.851079,2.143282,2.106772,2.112416,0.292202,0.255692,0.261336,0.506363,0.242747
5.050000,1.853769,2.144161,2.126649,2.131410,0.290391,0.272880,0.277641,0.504056,0.244695
5.060000,1.856469,2.084651,2.106850,2.112085,0.228182,0.250382,0.255616,0.507507,0.242897
5.070000,1.859177,2.091683,2.100445,2.105977,0.232506,0.241268,0.246800,0.508925,0.240794
5.080000,1.861893,2.016250,2.059517,2.066191,0.154357,0.197624,0.204297,0.515355,0.233852
5.090000,1.864617,2.110910,2.086340,2.093613,0.246293,0.221723,0.228996,0.511606,0.237274
5.100000,1.867346,2.093020,2.090831,2.098559,0.225674,0.223485,0.231213,0.511305,0.239301
5.110000,1.870082,2.118479,2.105808,2.113193,0.248397,0.235726,0.243112,0.509562,0.241852
5.120000,1.872825,2.172813,2.140476,2.146525,0.299988,0.267651,0.273700,0.505074,0.246946
5.130000,1.875576,2.074798,2.108835,2.115608,0.199222,0.233259,0.240032,0.510191,0.244826
5.140000,1.878335,2.104206,2.107684,2.114945,0.225871,0.229350,0.236610,0.510743,0.245702
5.150000,1.881099,2.147960,2.128983,2.135188,0.266861,0.247884,0.254089,0.508215,0.245136
5.160000,1.883869,2.183294,2.157318,2.162497,0.299425,0.273449,0.278628,0.504668,0.247852
5.170000,1.886644,2.162891,2.161310,2.165991,0.276247,0.274666,0.279347,0.504699,0.248153
5.180000,1.889424,2.109411,2.136567,2.142469,0.219987,0.247144,0.253045,0.508716,0.248100
5.190000,1.892209,2.139660,2.139293,2.146129,0.247451,0.247085,0.253921,0.508655,0.252727
5.200000,1.895000,2.142522,2.142088,2.148532,0.247522,0.247088,0.253532,0.508777,0.251952
5.210000,1.897798,2.191039,2.167744,2.173784,0.293241,0.269946,0.275986,0.505588,0.258676
5.220000,1.900603,2.198340,2.184246,2.189147,0.297737,0.283643,0.288544,0.503904,0.259705
5.230000,1.903416,2.096219,2.141450,2.147272,0.192803,0.238035,0.243857,0.510438,0.253859
5.240000,1.906234,2.221202,2.182499,2.187744,0.314969,0.276265,0.281510,0.505064,0.259151
5.250000,1.909056,2.194613,2.189768,2.194502,0.285557,0.280712,0.285447,0.504618,0.259852
5.260000,1.911882,2.167392,2.179796,2.184175,0.255510,0.267914,0.272293,0.506621,0.253990
5.270000,1.914713,2.152773,2.167488,2.173318,0.238061,0.252776,0.258606,0.508691,0.255516
5.280000,1.917545,2.123680,2.146773,2.153656,0.206135,0.229228,0.236111,0.511973,0.253043
5.290000,1.920379,2.197491,2.173298,2.179997,0.277112,0.252919,0.259618,0.508603,0.256333
5.300000,1.923217,2.133562,2.154621,2.161677,0.210345,0.231404,0.238460,0.511687,0.253193
5.310000,1.926057,2.270284,2.213621,2.219141,0.344227,0.287565,0.293085,0.503856,0.260540
5.320000,1.928898,2.171118,2.193596,2.199159,0.242221,0.264698,0.270261,0.507247,0.258389
5.330000,1.931739,2.246981,2.221492,2.226133,0.315242,0.289753,0.294395,0.503880,0.260714
5.340000,1.934581,2.200760,2.212355,2.216845,0.266179,0.277774,0.282264,0.505742,0.257746
5.350000,1.937424,2.218401,2.216595,2.221289,0.280976,0.279171,0.283865,0.505613,0.259053
5.360000,1.940270,2.202529,2.210781,2.215454,0.262258,0.270511,0.275184,0.506954,0.255646
5.370000,1.943117,2.252045,2.232624,2.236895,0.308928,0.289507,0.293777,0.504360,0.257066
5.380000,1.945966,2.270855,2.252970,2.256468,0.324889,0.307004,0.310503,0.502073,0.258451
5.390000,1.948816,2.227844,2.241655,2.245229,0.279028,0.292839,0.296413,0.504262,0.255538
5.400000,1.951669,2.260320,2.252222,2.255675,0.308651,0.300553,0.304006,0.503287,0.256027
5.410000,1.954524,2.165036,2.209871,2.215279,0.210512,0.255347,0.260755,0.509685,0.253218
5.420000,1.957380,2.220558,2.216412,2.222041,0.263178,0.259033,0.264661,0.509155,0.252072
5.430000,1.960235,2.253666,2.236241,2.241951,0.293432,0.276007,0.281717,0.506730,0.256227
5.440000,1.963087,2.225912,2.232296,2.238231,0.262824,0.269208,0.275144,0.507754,0.256959
5.450000,1.965936,2.156634,2.195678,2.203459,0.190698,0.229741,0.237522,0.513201,0.254945
5.460000,1.968781,2.327323,2.262674,2.268428,0.358541,0.293893,0.299647,0.504335,0.260213
5.470000,1.971624,2.273821,2.269486,2.274174,0.302197,0.297862,0.302551,0.504040,0.259564
5.480000,1.974462,2.158023,2.214997,2.221117,0.183561,0.240535,0.246655,0.512164,0.252743
5.490000,1.977297,2.239909,2.228639,2.235389,0.262612,0.251342,0.258091,0.510516,0.254521
5.500000,1.980132,2.244685,2.237859,2.244953,0.264554,0.257728,0.264821,0.509571,0.257241
5.510000,1.982966,2.321763,2.281015,2.286474,0.338798,0.298050,0.303508,0.504094,0.261471
5.520000,1.985800,2.265981,2.274743,2.279874,0.280182,0.288943,0.294074,0.505559,0.261514
5.530000,1.988636,2.240416,2.258815,2.264312,0.251780,0.270180,0.275676,0.508268,0.259120
5.540000,1.991472,2.282568,2.271909,2.277552,0.291096,0.280437,0.286079,0.506843,0.262155
5.550000,1.994310,2.292692,2.283529,2.289034,0.298382,0.289219,0.294724,0.505698,0.266127
5.560000,1.997148,2.277725,2.281864,2.286951,0.280576,0.284716,0.289802,0.506480,0.263896
5.570000,1.999986,2.309603,2.296967,2.301728,0.309617,0.296981,0.301741,0.504880,0.266193
5.580000,2.002824,2.279631,2.289545,2.294646,0.276807,0.286721,0.291822,0.506378,0.266675
5.590000,2.005664,2.286923,2.289470,2.294689,0.281260,0.283806,0.289026,0.506850,0.266450
5.600000,2.008504,2.280147,2.286042,2.291357,0.271643,0.277538,0.282854,0.507785,0.264503
5.610000,2.011346,2.317234,2.302865,2.307926,0.305889,0.291520,0.296581,0.505919,0.266008
5.620000,2.014190,2.315179,2.310264,2.315269,0.300990,0.296074,0.301079,0.505375,0.268567
5.630000,2.017038,2.365867,2.339313,2.343239,0.348830,0.322275,0.326201,0.501970,0.273703
5.640000,2.019889,2.255560,2.298709,2.303272,0.235671,0.278821,0.283383,0.508040,0.266736
5.650000,2.022743,2.289014,2.295092,2.300588,0.266271,0.272349,0.277845,0.508862,0.266229
5.660000,2.025599,2.339917,2.318729,2.324227,0.314318,0.293129,0.298628,0.506005,0.271099
5.670000,2.028460,2.316532,2.318875,2.324283,0.288072,0.290415,0.295823,0.506473,0.271492
5.680000,2.031325,2.320592,2.320977,2.326434,0.289267,0.289652,0.295109,0.506644,0.272425
5.690000,2.034195,2.210626,2.267044,2.275012,0.176432,0.232849,0.240818,0.514179,0.268565
5.700000,2.037070,2.354473,2.311945,2.319703,0.317403,0.274875,0.282633,0.508405,0.276765
5.710000,2.039950,2.365142,2.339772,2.345708,0.325192,0.299822,0.305758,0.505309,0.277109
5.720000,2.042834,2.341048,2.341664,2.346964,0.298214,0.298830,0.304130,0.505617,0.276752
5.730000,2.045723,2.336839,2.340505,2.345550,0.291116,0.294782,0.299827,0.506282,0.275185
5.740000,2.048617,2.366433,2.354719,2.359554,0.317817,0.306102,0.310938,0.504833,0.278315
5.750000,2.051514,2.348674,2.352958,2.357265,0.297160,0.301444,0.305750,0.505628,0.273682
5.760000,2.054416,2.365005,2.360239,2.364586,0.310589,0.305823,0.310171,0.505098,0.274275
5.770000,2.057323,2.326714,2.344738,2.350046,0.269391,0.287415,0.292723,0.507578,0.274154
5.780000,2.060235,2.362322,2.354774,2.360307,0.302087,0.294539,0.300073,0.506619,0.276913
5.790000,2.063151,2.303688,2.330482,2.337325,0.240537,0.267331,0.274174,0.510197,0.276333
5.800000,2.066071,2.405786,2.369359,2.375177,0.339715,0.303288,0.309106,0.505478,0.280750
5.810000,2.068994,2.377803,2.374842,2.380153,0.308809,0.305848,0.311159,0.505276,0.282305
5.820000,2.071920,2.336640,2.357005,2.363065,0.264720,0.285085,0.291145,0.508041,0.282339
5.830000,2.074850,2.412970,2.386231,2.391328,0.338120,0.311381,0.316478,0.504689,0.284607
5.840000,2.077784,2.354316,2.371544,2.377120,0.276531,0.293760,0.299336,0.507065,0.284501
5.850000,2.080723,2.402629,2.388340,2.393414,0.321906,0.307617,0.312691,0.505332,0.285837
5.860000,2.083664,2.338602,2.364738,2.370664,0.254937,0.281074,0.286999,0.508825,0.283618
5.870000,2.086609,2.366427,2.366824,2.373129,0.279818,0.280215,0.286520,0.508906,0.283651
5.880000,2.089556,2.392396,2.380851,2.387055,0.302840,0.291295,0.297499,0.507462,0.285748
5.890000,2.092505,2.453094,2.418225,2.423025,0.360588,0.325720,0.330520,0.503119,0.290016
5.900000,2.095458,2.360193,2.390496,2.396030,0.264735,0.295038,0.300572,0.507184,0.288894
5.910000,2.098413,2.396162,2.394586,2.400256,0.297749,0.296173,0.301843,0.507056,0.289659
5.920000,2.101371,2.379147,2.388125,2.394437,0.277776,0.286755,0.293067,0.508250,0.290584
5.930000,2.104330,2.337611,2.364118,2.371366,0.233280,0.259787,0.267036,0.511677,0.287429
5.940000,2.107291,2.405603,2.386084,2.392903,0.298313,0.278793,0.285612,0.509214,0.287975
5.950000,2.110253,2.427107,2.407838,2.413850,0.316855,0.297585,0.303597,0.506857,0.288790
5.960000,2.113217,2.405675,2.408019,2.414229,0.292458,0.294801,0.301012,0.507239,0.290905
5.970000,2.116186,2.437775,2.424156,2.429786,0.321589,0.307970,0.313600,0.505626,0.293385
5.980000,2.119157,2.379304,2.403003,2.408928,0.260147,0.283846,0.289771,0.508795,0.289604
5.990000,2.122128,2.396905,2.401204,2.407652,0.274777,0.279075,0.285524,0.509361,0.289132
6.000000,2.125102,2.454668,2.429181,2.434994,0.329566,0.304079,0.309892,0.506170,0.292028
6.010000,2.128077,2.408272,2.419997,2.426526,0.280195,0.291920,0.298448,0.507716,0.294759
6.020000,2.131055,2.462592,2.442553,2.448203,0.331537,0.311499,0.317148,0.505318,0.297383
6.030000,2.134033,2.420913,2.433012,2.438558,0.286880,0.298980,0.304526,0.507010,0.295321
6.040000,2.137012,2.405709,2.420627,2.427123,0.268697,0.283616,0.290111,0.508912,0.295648
6.050000,2.139992,2.457555,2.440343,2.446238,0.317563,0.300351,0.306245,0.506836,0.296401
6.060000,2.142971,2.445726,2.444304,2.450215,0.302755,0.301333,0.307244,0.506743,0.298133
6.070000,2.145949,2.452812,2.449828,2.455341,0.306862,0.303879,0.309391,0.506503,0.297443
6.080000,2.148928,2.430857,2.441616,2.447574,0.281928,0.292688,0.298646,0.507930,0.296942
6.090000,2.151907,2.419262,2.431702,2.438176,0.267355,0.279795,0.286269,0.509543,0.295153
6.100000,2.154884,2.491239,2.462721,2.468646,0.336355,0.307837,0.313762,0.505992,0.299486
6.110000,2.157860,2.460747,2.463013,2.468889,0.302887,0.305153,0.311029,0.506390,0.301302
6.120000,2.160835,2.410785,2.438176,2.445071,0.249950,0.277341,0.284236,0.509856,0.299713
6.130000,2.163809,2.524088,2.482381,2.487911,0.360279,0.318572,0.324102,0.504765,0.303104
6.140000,2.166780,2.530486,2.507724,2.512011,0.363706,0.340945,0.345232,0.502132,0.309485
6.150000,2.169748,2.454862,2.482607,2.487131,0.285114,0.312859,0.317383,0.505754,0.305708
6.160000,2.172711,2.476871,2.481025,2.485868,0.304159,0.308313,0.313156,0.506339,0.304699
6.170000,2.175671,2.434940,2.459264,2.465282,0.259269,0.283593,0.289611,0.509366,0.302290
6.180000,2.178627,2.505819,2.483799,2.489608,0.327192,0.305172,0.310981,0.506654,0.304947
6.190000,2.181579,2.540886,2.513622,2.518437,0.359307,0.332043,0.336858,0.503415,0.310123
6.200000,2.184527,2.405475,2.460855,2.467063,0.220949,0.276329,0.282537,0.510336,0.303895
6.210000,2.187470,2.526404,2.494881,2.500420,0.338934,0.307411,0.312951,0.506488,0.305050
6.220000,2.190408,2.458570,2.478008,2.484471,0.268162,0.287600,0.294063,0.508920,0.304446
6.230000,2.193339,2.495602,2.488069,2.494432,0.302263,0.294729,0.301092,0.508039,0.304897
6.240000,2.196262,2.574410,2.532510,2.537301,0.378148,0.336248,0.341039,0.503013,0.309073
6.250000,2.199175,2.522087,2.528612,2.533138,0.322912,0.329437,0.333963,0.504000,0.310986
6.260000,2.202078,2.487640,2.509432,2.514581,0.285562,0.307354,0.312503,0.506772,0.309371
6.270000,2.204971,2.526391,2.519196,2.524526,0.321420,0.314225,0.319555,0.505929,0.311960
6.280000,2.207854,2.540605,2.531192,2.536085,0.332751,0.323338,0.328230,0.504901,0.312959
6.290000,2.210728,2.557788,2.545792,2.550010,0.347060,0.335063,0.339282,0.503593,0.313712
6.300000,2.213593,2.533035,2.540726,2.544863,0.319441,0.327133,0.331270,0.504681,0.311634
6.310000,2.216450,2.500339,2.521838,2.526741,0.283889,0.305388,0.310291,0.507379,0.308408
6.320000,2.219297,2.548157,2.536281,2.541164,0.328860,0.316984,0.321867,0.505964,0.308778
6.330000,2.222134,2.539020,2.538947,2.543964,0.316886,0.316812,0.321830,0.506026,0.309013
6.340000,2.224960,2.580667,2.561103,2.565241,0.355707,0.336143,0.340281,0.503768,0.308214
6.350000,2.227774,2.600287,2.582011,2.585319,0.372513,0.354236,0.357545,0.501680,0.312021
6.360000,2.230578,2.498559,2.541618,2.545996,0.267981,0.311040,0.315418,0.507099,0.306530
6.370000,2.233371,2.525749,2.534975,2.540451,0.292379,0.301604,0.307080,0.508196,0.306129
6.380000,2.236153,2.540786,2.539162,2.544745,0.304633,0.303009,0.308592,0.508036,0.304350
6.390000,2.238924,2.540383,2.541055,2.546664,0.301459,0.302132,0.307740,0.508179,0.302026
6.400000,2.241684,2.581203,2.562412,2.567653,0.339520,0.320728,0.325969,0.505895,0.303707
6.410000,2.244433,2.555278,2.560146,2.565630,0.310845,0.315713,0.321196,0.506570,0.304650
6.420000,2.247171,2.496295,2.529517,2.536991,0.249124,0.282346,0.289821,0.510606,0.305073
6.430000,2.249896,2.563345,2.547694,2.555017,0.313449,0.297798,0.305121,0.508686,0.307930
6.440000,2.252609,2.555955,2.553103,2.559908,0.303345,0.300494,0.307299,0.508444,0.307251
6.450000,2.255308,2.646528,2.601097,2.606167,0.391219,0.345789,0.350859,0.503014,0.313218
6.460000,2.257994,2.539121,2.571436,2.576777,0.281127,0.313442,0.318783,0.507139,0.309268
6.470000,2.260666,2.598042,2.586034,2.591304,0.337377,0.325368,0.330638,0.505713,0.311944
6.480000,2.263322,2.624780,2.606714,2.611137,0.361459,0.343392,0.347815,0.503649,0.313773
6.490000,2.265963,2.587204,2.598284,2.602610,0.321240,0.332320,0.336647,0.505153,0.311183
6.500000,2.268588,2.590556,2.595734,2.600396,0.321968,0.327145,0.331808,0.505849,0.310889
6.510000,2.271198,2.589988,2.594169,2.599273,0.318790,0.322971,0.328075,0.506398,0.311461
6.520000,2.273793,2.585678,2.591228,2.596580,0.311885,0.317435,0.322787,0.507134,0.310319
6.530000,2.276374,2.597129,2.595477,2.601599,0.320755,0.319103,0.325226,0.506896,0.315160
6.540000,2.278939,2.628643,2.613360,2.618622,0.349703,0.334421,0.339683,0.505182,0.315863
6.550000,2.281488,2.650024,2.633008,2.637371,0.368536,0.351520,0.355882,0.503276,0.318533
6.560000,2.284021,2.635994,2.635834,2.639959,0.351973,0.351813,0.355938,0.503395,0.321991
6.570000,2.286537,2.641844,2.640172,2.643677,0.355307,0.353635,0.357140,0.503374,0.318166
6.580000,2.289037,2.577242,2.610041,2.614891,0.288205,0.321004,0.325854,0.507365,0.315659
6.590000,2.291521,2.650891,2.631768,2.636577,0.359370,0.340247,0.345055,0.505072,0.319019
6.600000,2.293989,2.601931,2.618170,2.623290,0.307942,0.324181,0.329301,0.507114,0.315990
6.610000,2.296440,2.671829,2.646304,2.650619,0.375389,0.349864,0.354179,0.504130,0.316385
6.620000,2.298874,2.684123,2.666544,2.670059,0.385249,0.367670,0.371185,0.502150,0.319683
6.630000,2.301290,2.584818,2.627029,2.631887,0.283528,0.325739,0.330597,0.507311,0.316366
6.640000,2.303687,2.682396,2.656018,2.660578,0.378709,0.352331,0.356891,0.504159,0.321322
6.650000,2.306064,2.618999,2.638841,2.643797,0.312935,0.332777,0.337733,0.506633,0.318676
6.660000,2.308422,2.641976,2.641720,2.646574,0.333553,0.333298,0.338151,0.506678,0.315802
6.670000,2.310761,2.700018,2.672182,2.676270,0.389257,0.361421,0.365509,0.503403,0.318217
6.680000,2.313082,2.650234,2.662548,2.666996,0.337152,0.349466,0.353914,0.504982,0.319022
6.690000,2.315386,2.649833,2.657519,2.662247,0.334447,0.342133,0.346861,0.505975,0.318062
6.700000,2.317674,2.620641,2.640400,2.646183,0.302967,0.322726,0.328509,0.508343,0.316864
6.710000,2.319946,2.633544,2.638272,2.644754,0.313598,0.318326,0.324808,0.508879,0.317119
6.720000,2.322203,2.632637,2.636751,2.644212,0.310435,0.314548,0.322009,0.509297,0.320021
6.730000,2.324442,2.676976,2.658155,2.665317,0.352534,0.333713,0.340874,0.507076,0.325589
6.740000,2.326664,2.634692,2.647734,2.655197,0.308028,0.321070,0.328533,0.508666,0.326628
6.750000,2.328867,2.677392,2.663860,2.670632,0.348525,0.334993,0.341765,0.507163,0.328391
6.760000,2.331053,2.657857,2.662170,2.668673,0.326804,0.331117,0.337620,0.507764,0.327496
6.770000,2.333221,2.653323,2.659053,2.666057,0.320102,0.325832,0.332836,0.508435,0.328993
6.780000,2.335371,2.688195,2.674925,2.681522,0.352824,0.339554,0.346151,0.506938,0.331623
6.790000,2.337503,2.664239,2.670896,2.677014,0.326736,0.333393,0.339511,0.507840,0.328315
6.800000,2.339618,2.668841,2.671176,2.677423,0.329223,0.331558,0.337805,0.508146,0.327367
6.810000,2.341716,2.768226,2.721007,2.725680,0.426511,0.379291,0.383964,0.502722,0.333358
6.820000,2.343795,2.741607,2.732659,2.736137,0.397811,0.388864,0.392342,0.501899,0.332455
6.830000,2.345857,2.640300,2.687841,2.693151,0.294443,0.341984,0.347294,0.507487,0.330932
6.840000,2.347899,2.642097,2.666283,2.672975,0.294199,0.318384,0.325076,0.510242,0.328600
6.850000,2.349923,2.682350,2.675606,2.683002,0.332428,0.325684,0.333080,0.509369,0.331064
6.860000,2.351928,2.682846,2.680523,2.687794,0.330918,0.328594,0.335865,0.509131,0.330804
6.870000,2.353918,2.683495,2.683308,2.690737,0.329577,0.329390,0.336820,0.509115,0.331602
6.880000,2.355890,2.716908,2.701407,2.708515,0.361018,0.345516,0.352625,0.507343,0.335445
6.890000,2.357848,2.711802,2.707919,2.714269,0.353955,0.350071,0.356422,0.507020,0.334599
6.900000,2.359788,2.725727,2.718141,2.724025,0.365939,0.358353,0.364237,0.506228,0.335551
6.910000,2.361713,2.695677,2.708235,2.714190,0.333963,0.346522,0.352477,0.507757,0.333031
6.920000,2.363622,2.684739,2.697800,2.705063,0.321116,0.334178,0.341441,0.509186,0.335048
6.930000,2.365516,2.735220,2.717810,2.724430,0.369704,0.352295,0.358915,0.507239,0.336457
6.940000,2.367392,2.711107,2.715776,2.722445,0.343715,0.348384,0.355053,0.507826,0.336738
6.950000,2.369253,2.687411,2.702907,2.710290,0.318157,0.333653,0.341037,0.509595,0.336214
6.960000,2.371099,2.669428,2.687465,2.696048,0.298329,0.316365,0.324949,0.511580,0.335942
6.970000,2.372929,2.696894,2.693459,2.702154,0.323964,0.320529,0.329224,0.511158,0.336292
6.980000,2.374743,2.709699,2.702862,2.710687,0.334956,0.328119,0.335945,0.510459,0.333701
6.990000,2.376539,2.743515,2.724478,2.731308,0.366975,0.347939,0.354768,0.508345,0.332708
7.000000,2.378318,2.674202,2.700649,2.708768,0.295883,0.322330,0.330450,0.511347,0.331390
7.010000,2.380079,2.734478,2.718846,2.726497,0.354400,0.338767,0.346418,0.509554,0.331904
7.020000,2.381821,2.701679,2.711560,2.719628,0.319858,0.329739,0.337807,0.510685,0.331226
7.030000,2.383545,2.764842,2.739489,2.746904,0.381297,0.355944,0.363358,0.507770,0.335053
7.040000,2.385251,2.723914,2.733015,2.740841,0.338663,0.347764,0.355591,0.508827,0.337283
7.050000,2.386936,2.735110,2.735367,2.742851,0.348174,0.348430,0.355915,0.508918,0.336992
7.060000,2.388601,2.731684,2.734830,2.742331,0.343083,0.346229,0.353730,0.509303,0.336759
7.070000,2.390245,2.762196,2.749814,2.756905,0.371950,0.359568,0.366660,0.507918,0.338493
7.080000,2.391868,2.734973,2.743707,2.750821,0.343105,0.351838,0.358952,0.508966,0.337257
7.090000,2.393469,2.724507,2.735411,2.743285,0.331037,0.341942,0.349816,0.510169,0.337544
7.100000,2.395048,2.700382,2.719190,2.728228,0.305334,0.324142,0.333180,0.512227,0.337059
7.110000,2.396603,2.683492,2.702616,2.713098,0.286889,0.306013,0.316494,0.514259,0.336864
7.120000,2.398138,2.769554,2.737341,2.746822,0.371416,0.339202,0.348684,0.510605,0.340196
7.130000,2.399652,2.783087,2.761502,2.769689,0.383434,0.361849,0.370037,0.508255,0.342546
7.140000,2.401146,2.819559,2.791840,2.798669,0.418414,0.390694,0.397523,0.505232,0.348925
7.150000,2.402619,2.730340,2.762427,2.769386,0.327721,0.359808,0.366767,0.508954,0.344796
7.160000,2.404073,2.808008,2.786523,2.792877,0.403935,0.382450,0.388805,0.506571,0.347285
7.170000,2.405507,2.755631,2.772404,2.779127,0.350125,0.366897,0.373620,0.508495,0.345740
7.180000,2.406919,2.781212,2.778118,2.784872,0.374293,0.371198,0.377953,0.508156,0.346052
7.190000,2.408312,2.853873,2.817308,2.822588,0.445561,0.408996,0.414276,0.504153,0.348806
7.200000,2.409684,2.820530,2.820269,2.824899,0.410846,0.410585,0.415216,0.504266,0.348498
7.210000,2.411033,2.813455,2.818211,2.822915,0.402422,0.407178,0.411882,0.504871,0.349674
7.220000,2.412359,2.737812,2.779357,2.785879,0.325453,0.366998,0.373520,0.509482,0.347103
7.230000,2.413662,2.825953,2.803958,2.810394,0.412291,0.390297,0.396732,0.506987,0.350702
7.240000,2.414943,2.816500,2.811555,2.817392,0.401558,0.396612,0.402450,0.506526,0.349532
7.250000,2.416204,2.743103,2.778659,2.785795,0.326899,0.362455,0.369591,0.510479,0.345906
7.260000,2.417446,2.826159,2.803704,2.810848,0.408713,0.386258,0.393402,0.507906,0.349920
7.270000,2.418669,2.790500,2.798419,2.805785,0.371830,0.379750,0.387115,0.508805,0.349954
7.280000,2.419875,2.806195,2.803616,2.810724,0.386319,0.383741,0.390849,0.508554,0.349428
7.290000,2.421065,2.732127,2.769184,2.777840,0.311062,0.348119,0.356775,0.512609,0.346127
7.300000,2.422238,2.752941,2.762337,2.772943,0.330703,0.340099,0.350706,0.513424,0.348947
7.310000,2.423395,2.792078,2.778473,2.788689,0.368683,0.355078,0.365294,0.511894,0.350860
7.320000,2.424536,2.805908,2.793470,2.803264,0.381372,0.368934,0.378728,0.510516,0.353950
7.330000,2.425661,2.839590,2.817821,2.826201,0.413929,0.392161,0.400541,0.508224,0.356094
7.340000,2.426769,2.775115,2.797782,2.806378,0.348346,0.371012,0.379609,0.510760,0.353774
7.350000,2.427862,2.871026,2.835694,2.843490,0.443164,0.407833,0.415628,0.506873,0.361059
7.360000,2.428937,2.819367,2.828857,2.836639,0.390430,0.399920,0.407702,0.507962,0.362988
7.370000,2.429996,2.841233,2.836362,2.843565,0.411237,0.406365,0.413569,0.507505,0.363754
7.380000,2.431040,2.754352,2.796678,2.804720,0.323312,0.365638,0.373680,0.512114,0.357278
7.390000,2.432068,2.761707,2.780472,2.789495,0.329639,0.348404,0.357427,0.514061,0.353177
7.400000,2.433081,2.838699,2.810846,2.820281,0.405618,0.377765,0.387201,0.510856,0.358286
7.410000,2.434078,2.745575,2.779499,2.790668,0.311497,0.345420,0.356590,0.514417,0.357185
7.420000,2.435061,2.886955,2.834481,2.843654,0.451894,0.399420,0.408593,0.508782,0.361687
7.430000,2.436027,2.789899,2.813497,2.822288,0.353872,0.377470,0.386261,0.511445,0.357041
7.440000,2.436977,2.812957,2.814510,2.823807,0.375980,0.377532,0.386830,0.511539,0.357747
7.450000,2.437912,2.851384,2.834228,2.842989,0.413471,0.396316,0.405077,0.509669,0.359899
7.460000,2.438833,2.833399,2.835112,2.843547,0.394566,0.396279,0.404714,0.509892,0.359379
7.470000,2.439738,2.803040,2.820373,2.829651,0.363302,0.380635,0.389913,0.511717,0.358817
7.480000,2.440629,2.858126,2.840529,2.849490,0.417497,0.399900,0.408861,0.509776,0.361849
7.490000,2.441505,2.808807,2.825965,2.835421,0.367302,0.384460,0.393916,0.511611,0.360978
7.500000,2.442367,2.806046,2.817286,2.826495,0.363680,0.374919,0.384128,0.512852,0.356922
7.510000,2.443215,2.831032,2.825428,2.835291,0.387817,0.382213,0.392076,0.512117,0.358928
7.520000,2.444051,2.810688,2.819332,2.829196,0.366637,0.375282,0.385145,0.513041,0.356728
7.530000,2.444874,2.894094,2.857979,2.866833,0.449220,0.413105,0.421959,0.509102,0.360997
7.540000,2.445684,2.830717,2.845650,2.854559,0.385033,0.399966,0.408875,0.510751,0.359695
7.550000,2.446480,2.811007,2.829615,2.838908,0.364527,0.383136,0.392428,0.512752,0.356549
7.560000,2.447261,2.830247,2.831199,2.840659,0.382986,0.383939,0.393399,0.512798,0.355154
7.570000,2.448025,2.806818,2.820276,2.830960,0.358793,0.372251,0.382935,0.514119,0.355019
7.580000,2.448774,2.884392,2.853588,2.863114,0.435618,0.404814,0.414340,0.510767,0.357106
7.590000,2.449507,2.877231,2.866694,2.875492,0.427725,0.417188,0.425985,0.509654,0.358358
7.600000,2.450224,2.802674,2.835980,2.845891,0.352450,0.385756,0.395667,0.513231,0.355773
7.610000,2.450925,2.809153,2.823828,2.834964,0.358228,0.372903,0.384039,0.514678,0.355512
7.620000,2.451612,2.862776,2.844550,2.855297,0.411164,0.392937,0.403685,0.512635,0.357693
7.630000,2.452281,2.821471,2.834276,2.844839,0.369190,0.381995,0.392557,0.514034,0.354854
7.640000,2.452934,2.859681,2.848231,2.858320,0.406747,0.395297,0.405386,0.512755,0.354800
7.650000,2.453571,2.863423,2.857091,2.868070,0.409852,0.403520,0.414499,0.511905,0.360220
7.660000,2.454195,2.837680,2.848656,2.859747,0.383485,0.394461,0.405552,0.513070,0.360269
7.670000,2.454807,2.817690,2.834433,2.846062,0.362883,0.379626,0.391255,0.514807,0.359048
7.680000,2.455405,2.920511,2.878715,2.889163,0.465106,0.423310,0.433758,0.510271,0.365084
7.690000,2.455989,2.854085,2.867684,2.878109,0.398096,0.411695,0.422120,0.511747,0.365191
7.700000,2.456559,2.811451,2.840839,2.851789,0.354891,0.384279,0.395230,0.514867,0.361274
7.710000,2.457116,2.851737,2.847529,2.858239,0.394620,0.390413,0.401123,0.514365,0.359759
7.720000,2.457659,2.806265,2.828143,2.839742,0.348606,0.370484,0.382083,0.516609,0.356510
7.730000,2.458187,2.807219,2.818905,2.830934,0.349032,0.360718,0.372747,0.517761,0.353222
7.740000,2.458699,2.824912,2.823121,2.836633,0.366213,0.364422,0.377935,0.517297,0.355536
7.750000,2.459194,2.867240,2.846394,2.858670,0.408046,0.387200,0.399476,0.515037,0.356056
7.760000,2.459675,2.817790,2.833327,2.846956,0.358115,0.373652,0.387281,0.516535,0.357411
7.770000,2.460140,2.765262,2.800514,2.816048,0.305122,0.340374,0.355908,0.520115,0.355911
7.780000,2.460588,2.871061,2.836972,2.852092,0.410473,0.376383,0.391504,0.516298,0.361962
7.790000,2.461021,2.877225,2.858317,2.871990,0.416204,0.397296,0.410969,0.514309,0.364840
7.800000,2.461438,2.787950,2.824370,2.839452,0.326512,0.362933,0.378014,0.518053,0.363902
7.810000,2.461838,2.794289,2.810531,2.826345,0.332451,0.348693,0.364507,0.519627,0.363294
7.820000,2.462221,2.817286,2.815093,2.831468,0.355065,0.352872,0.369247,0.519208,0.365469
7.830000,2.462586,2.910884,2.864175,2.878670,0.448298,0.401589,0.416084,0.514269,0.371645
7.840000,2.462935,2.895393,2.881017,2.893553,0.432458,0.418083,0.430618,0.512874,0.372662
7.850000,2.463265,2.835782,2.859648,2.873299,0.372517,0.396382,0.410033,0.515265,0.373812
7.860000,2.463579,2.823261,2.842678,2.856106,0.359682,0.379099,0.392528,0.517282,0.370371
7.870000,2.463875,2.834712,2.839899,2.852552,0.370837,0.376024,0.388677,0.517822,0.366136
7.880000,2.464158,2.869088,2.855693,2.868788,0.404931,0.391536,0.404630,0.516227,0.368097
7.890000,2.464425,2.829287,2.843703,2.856040,0.364862,0.379277,0.391615,0.517773,0.362705
7.900000,2.464681,2.874218,2.860159,2.873342,0.409538,0.395478,0.408661,0.516050,0.365913
7.910000,2.464922,2.871497,2.867040,2.880920,0.406575,0.402118,0.415998,0.515406,0.369712
7.920000,2.465149,2.818745,2.844109,2.857940,0.353596,0.378960,0.392791,0.518057,0.365926
7.930000,2.465362,2.871088,2.858790,2.872466,0.405726,0.393428,0.407104,0.516641,0.367238
7.940000,2.465561,2.917670,2.889434,2.901153,0.452109,0.423873,0.435592,0.513717,0.367318
7.950000,2.465746,2.871088,2.881493,2.893255,0.405341,0.415746,0.427509,0.514776,0.365926
7.960000,2.465919,2.879147,2.881542,2.893078,0.413229,0.415623,0.427159,0.514985,0.364318
7.970000,2.466078,2.830926,2.857453,2.870046,0.364848,0.391375,0.403967,0.517678,0.361029
7.980000,2.466225,2.864278,2.862058,2.876239,0.398053,0.395833,0.410015,0.517155,0.364373
7.990000,2.466359,2.838960,2.851704,2.866386,0.372601,0.385345,0.400027,0.518380,0.363718
8.000000,2.466481,2.880100,2.867084,2.881645,0.413619,0.400603,0.415164,0.516871,0.366302
8.010000,2.466591,2.827375,2.848425,2.864388,0.360785,0.381834,0.397797,0.518892,0.367066
8.020000,2.466688,2.844296,2.847534,2.863997,0.377608,0.380847,0.397309,0.519067,0.368773
8.030000,2.466773,2.922914,2.886395,2.902045,0.456141,0.419622,0.435272,0.515131,0.376361
8.040000,2.466845,2.869047,2.878929,2.892737,0.402202,0.412083,0.425891,0.516295,0.372910
8.050000,2.466906,2.908614,2.894969,2.908244,0.441708,0.428062,0.441338,0.514806,0.375129
8.060000,2.466957,2.900199,2.898795,2.911908,0.433242,0.431838,0.444951,0.514597,0.376692
8.070000,2.466998,2.882959,2.892090,2.905541,0.415961,0.425091,0.438543,0.515455,0.377335
8.080000,2.467029,2.923763,2.909130,2.921662,0.456734,0.442100,0.454632,0.513921,0.378722
8.090000,2.467051,2.866057,2.888811,2.901674,0.399006,0.421760,0.434623,0.516225,0.376022
8.100000,2.467064,2.861360,2.876281,2.889072,0.394296,0.409217,0.422008,0.517719,0.371943
8.110000,2.467070,2.863291,2.870966,2.884789,0.396221,0.403897,0.417719,0.518316,0.371161
8.120000,2.467068,2.845505,2.859408,2.876412,0.378436,0.392340,0.409343,0.519342,0.375615
8.130000,2.467061,2.823707,2.842716,2.859274,0.356646,0.375656,0.392214,0.521265,0.372113
8.140000,2.467047,2.932236,2.888616,2.903562,0.465190,0.421569,0.436516,0.516682,0.375876
8.150000,2.467026,2.858877,2.874930,2.890184,0.391851,0.407904,0.423158,0.518248,0.375006
8.160000,2.466997,2.920015,2.898640,2.913211,0.453017,0.431642,0.446213,0.515947,0.378217
8.170000,2.466962,2.755696,2.828356,2.844938,0.288734,0.361394,0.377975,0.523304,0.370438
8.180000,2.466920,2.887756,2.859172,2.876057,0.420836,0.392252,0.409137,0.520087,0.374395
8.190000,2.466871,2.858457,2.859959,2.878014,0.391586,0.393088,0.411143,0.519987,0.377782
8.200000,2.466816,2.819056,2.840651,2.858833,0.352241,0.373835,0.392018,0.522100,0.375686
8.210000,2.466754,2.907067,2.874980,2.892188,0.440313,0.408227,0.425435,0.518688,0.379914
8.220000,2.466686,2.895317,2.886302,2.902018,0.428631,0.419617,0.435332,0.517782,0.379910
8.230000,2.466611,2.892567,2.890597,2.906008,0.425955,0.423986,0.439396,0.517497,0.380855
8.240000,2.466530,2.873057,2.882992,2.899410,0.406528,0.416462,0.432880,0.518321,0.382825
8.250000,2.466439,2.963421,2.924361,2.938097,0.496982,0.457922,0.471657,0.514424,0.384665
8.260000,2.466341,2.966240,2.946494,2.959318,0.499899,0.480154,0.492977,0.512381,0.389325
8.270000,2.466235,2.896007,2.922464,2.935125,0.429772,0.456229,0.468890,0.515087,0.386096
8.280000,2.466121,2.869432,2.897135,2.911401,0.403311,0.431014,0.445280,0.517714,0.384777
8.290000,2.466000,2.845012,2.872233,2.889006,0.379012,0.406233,0.423006,0.520164,0.385117
8.300000,2.465873,2.887674,2.881086,2.898117,0.421802,0.415213,0.432244,0.519322,0.387119
8.310000,2.465739,2.895302,2.889333,2.906428,0.429564,0.423594,0.440690,0.518574,0.389641
8.320000,2.465598,2.871887,2.881755,2.898904,0.406289,0.416156,0.433306,0.519459,0.389501
8.330000,2.465452,2.886967,2.885495,2.902202,0.421515,0.420043,0.436750,0.519225,0.389540
8.340000,2.465301,2.893442,2.890605,2.907260,0.428141,0.425304,0.441958,0.518813,0.390635
8.350000,2.465145,2.935085,2.913984,2.929643,0.469941,0.448840,0.464498,0.516636,0.393362
8.360000,2.464982,2.800178,2.858241,2.876036,0.335196,0.393260,0.411054,0.522244,0.388714
8.370000,2.464813,2.904880,2.882663,2.899226,0.440067,0.417850,0.434413,0.519948,0.388947
8.380000,2.464639,2.854621,2.869766,2.887031,0.389981,0.405127,0.422392,0.521290,0.387436
8.390000,2.464461,2.884200,2.878092,2.895318,0.419740,0.413632,0.430857,0.520520,0.387904
8.400000,2.464278,2.883314,2.881819,2.899015,0.419037,0.417541,0.434737,0.520227,0.388161
8.410000,2.464090,2.831121,2.857587,2.876283,0.367031,0.393496,0.412193,0.522644,0.386782
8.420000,2.463899,2.879553,2.869660,2.888453,0.415654,0.405761,0.424554,0.521460,0.388699
8.430000,2.463704,2.830092,2.850976,2.870430,0.366388,0.387273,0.406726,0.523371,0.387015
8.440000,2.463503,2.913571,2.883353,2.901950,0.450069,0.419850,0.438448,0.520206,0.390819
8.450000,2.463295,2.860316,2.872944,2.891620,0.397022,0.409650,0.428326,0.521345,0.390256
8.460000,2.463080,2.868384,2.871761,2.890440,0.405304,0.408681,0.427359,0.521537,0.390372
8.470000,2.462861,2.947189,2.910568,2.928132,0.484328,0.447708,0.465272,0.517774,0.395778
8.480000,2.462635,2.958604,2.935716,2.951703,0.495969,0.473081,0.489068,0.515499,0.399577
8.490000,2.462404,2.911442,2.924732,2.939841,0.449038,0.462329,0.477437,0.516838,0.397626
8.500000,2.462166,2.901686,2.914349,2.930315,0.439520,0.452183,0.468149,0.517926,0.398278
8.510000,2.461923,2.863673,2.890138,2.906360,0.401750,0.428215,0.444438,0.520450,0.394264
8.520000,2.461674,2.874102,2.883221,2.900369,0.412427,0.421546,0.438694,0.521135,0.393435
8.530000,2.461422,2.966660,2.926032,2.942076,0.505238,0.464610,0.480654,0.516988,0.398005
8.540000,2.461164,2.895999,2.912148,2.928482,0.434836,0.450984,0.467319,0.518481,0.397307
8.550000,2.460900,2.907513,2.910947,2.927302,0.446614,0.450047,0.466403,0.518701,0.397319
8.560000,2.460631,2.891789,2.902480,2.919612,0.431158,0.441849,0.458980,0.519575,0.397621
8.570000,2.460359,2.886824,2.895754,2.913164,0.426466,0.435395,0.452805,0.520310,0.396979
8.580000,2.460082,2.907983,2.902962,2.919612,0.447901,0.442880,0.459530,0.519738,0.396086
8.590000,2.459800,2.892991,2.899074,2.917228,0.433191,0.439274,0.457427,0.520062,0.398550
8.600000,2.459515,2.900622,2.900940,2.918529,0.441107,0.441425,0.459013,0.520010,0.398165
8.610000,2.459227,2.882484,2.892803,2.912516,0.423257,0.433577,0.453289,0.520693,0.401969
8.620000,2.458937,2.862836,2.878901,2.897897,0.403900,0.419964,0.438960,0.522217,0.399139
8.630000,2.458645,2.899112,2.890072,2.907842,0.440467,0.431427,0.449196,0.521275,0.397843
8.640000,2.458352,2.898285,2.895252,2.912774,0.439933,0.436901,0.454422,0.520842,0.397345
8.650000,2.458057,2.960197,2.928802,2.944967,0.502140,0.470745,0.486910,0.517677,0.399820
8.660000,2.457760,2.903361,2.917190,2.933854,0.445602,0.459431,0.476094,0.518898,0.399541
8.670000,2.457460,2.897133,2.908257,2.925635,0.439673,0.450796,0.468175,0.519811,0.399687
8.680000,2.457158,2.957405,2.933915,2.949618,0.500247,0.476757,0.492460,0.517486,0.400380
8.690000,2.456851,2.887001,2.911565,2.929235,0.430150,0.454714,0.472383,0.519639,0.401356
8.700000,2.456542,2.865274,2.889502,2.908148,0.408732,0.432960,0.451606,0.521822,0.399775
8.710000,2.456229,2.905266,2.898442,2.917740,0.449036,0.442213,0.461510,0.520916,0.402665
8.720000,2.455913,2.903325,2.901949,2.920155,0.447412,0.446036,0.464242,0.520737,0.401619
8.730000,2.455592,2.892515,2.898299,2.916708,0.436923,0.442706,0.461115,0.521143,0.401358
8.740000,2.455269,2.910856,2.905638,2.923196,0.455587,0.450369,0.467927,0.520554,0.400497
8.750000,2.454943,2.802572,2.855171,2.875386,0.347630,0.400229,0.420444,0.525390,0.396276
8.760000,2.454613,2.940616,2.898907,2.919378,0.486003,0.444294,0.464765,0.521011,0.403587
8.770000,2.454278,2.927822,2.914420,2.933577,0.473544,0.460141,0.479299,0.519660,0.405677
8.780000,2.453944,2.803936,2.860246,2.880021,0.349992,0.406303,0.426077,0.525033,0.398587
8.790000,2.453606,2.880573,2.871422,2.893704,0.426967,0.417816,0.440098,0.523682,0.404141
8.800000,2.453265,2.932833,2.903149,2.923569,0.479568,0.449884,0.470303,0.520764,0.407437
8.810000,2.452922,2.911091,2.908171,2.926874,0.458169,0.455249,0.473952,0.520495,0.406361
8.820000,2.452577,2.925202,2.917740,2.935803,0.472625,0.465163,0.483226,0.519673,0.407280
8.830000,2.452232,2.894142,2.907003,2.924657,0.441910,0.454771,0.472426,0.520841,0.404745
8.840000,2.451887,2.924041,2.916570,2.935069,0.472155,0.464684,0.483183,0.519865,0.408017
8.850000,2.451542,2.921700,2.920191,2.938395,0.470158,0.468649,0.486852,0.519602,0.408976
8.860000,2.451199,2.865529,2.893918,2.913290,0.414330,0.442719,0.462091,0.522139,0.407351
8.870000,2.450856,2.931314,2.913645,2.932205,0.480459,0.462790,0.481349,0.520319,0.408943
8.880000,2.450512,2.848780,2.882260,2.902788,0.398268,0.431747,0.452276,0.523266,0.407806
8.890000,2.450168,2.944677,2.914481,2.934572,0.494509,0.464314,0.484404,0.520178,0.413083
8.900000,2.449821,2.925092,2.920830,2.940377,0.475271,0.471010,0.490557,0.519669,0.415318
8.910000,2.449473,2.946527,2.934726,2.953753,0.497054,0.485253,0.504280,0.518432,0.419129
8.920000,2.449125,2.887757,2.912301,2.931834,0.438631,0.463176,0.482708,0.520628,0.418407
8.930000,2.448778,2.898068,2.906220,2.925904,0.449290,0.457442,0.477127,0.521249,0.418407
8.940000,2.448427,2.903330,2.905802,2.925159,0.454903,0.457375,0.476732,0.521363,0.417905
8.950000,2.448075,2.953012,2.930431,2.949783,0.504937,0.482356,0.501708,0.519031,0.423026
8.960000,2.447721,2.886774,2.909650,2.928903,0.439053,0.461929,0.481183,0.521099,0.420699
8.970000,2.447365,2.906753,2.909226,2.928351,0.459388,0.461860,0.480986,0.521194,0.420251
8.980000,2.447009,2.924355,2.917812,2.936405,0.477346,0.470803,0.489396,0.520461,0.420374
8.990000,2.446650,2.868480,2.894174,2.913832,0.421829,0.447524,0.467181,0.522678,0.418135
9.000000,2.446290,2.917292,2.906736,2.927336,0.471003,0.460446,0.481047,0.521403,0.421869
9.010000,2.445926,2.900254,2.904508,2.925485,0.454328,0.458582,0.479559,0.521616,0.423427
9.020000,2.445559,2.894158,2.900342,2.920806,0.448600,0.454783,0.475247,0.522094,0.422589
9.030000,2.445191,2.881393,2.891870,2.912865,0.436202,0.446679,0.467674,0.522878,0.422359
9.040000,2.444821,2.906714,2.900284,2.919967,0.461893,0.455463,0.475147,0.522218,0.420942
9.050000,2.444446,2.871940,2.887111,2.907585,0.427494,0.442664,0.463138,0.523426,0.419556
9.060000,2.444068,2.927512,2.908295,2.927145,0.483444,0.464226,0.483077,0.521565,0.418874
9.070000,2.443687,2.866272,2.888286,2.908965,0.422585,0.444599,0.465278,0.523343,0.418368
9.080000,2.443303,2.837906,2.864077,2.886729,0.394603,0.420773,0.443426,0.525484,0.417475
9.090000,2.442918,2.907487,2.886737,2.909341,0.464570,0.443819,0.466423,0.523306,0.421212
9.100000,2.442530,2.916627,2.902657,2.924443,0.474097,0.460127,0.481913,0.521874,0.423827
9.110000,2.442142,2.909557,2.907096,2.926650,0.467415,0.464954,0.484508,0.521688,0.421206
9.120000,2.441752,2.903487,2.906283,2.924159,0.461734,0.464531,0.482407,0.521952,0.416795
9.130000,2.441358,2.928979,2.918620,2.936690,0.487621,0.477262,0.495332,0.520766,0.417527
9.140000,2.440961,2.906184,2.913401,2.932741,0.465223,0.472440,0.491780,0.521182,0.418801
9.150000,2.440561,2.957668,2.936526,2.955785,0.517107,0.495966,0.515225,0.518995,0.423642
9.160000,2.440157,2.904303,2.921428,2.939626,0.464146,0.481271,0.499469,0.520597,0.420027
9.170000,2.439751,2.921600,2.922510,2.940965,0.481848,0.482758,0.501214,0.520504,0.420288
9.180000,2.439346,2.900809,2.912654,2.930583,0.461463,0.473308,0.491236,0.521537,0.416839
9.190000,2.438941,2.922463,2.918542,2.937638,0.483522,0.479601,0.498697,0.520880,0.419218
9.200000,2.438535,2.907263,2.913889,2.933104,0.468727,0.475354,0.494569,0.521346,0.418758
9.210000,2.438130,2.937034,2.926442,2.945261,0.498904,0.488312,0.507131,0.520201,0.420168
9.220000,2.437726,2.942518,2.935471,2.953245,0.504792,0.497746,0.515519,0.519470,0.419839
9.230000,2.437324,2.931724,2.934596,2.952685,0.494400,0.497272,0.515361,0.519569,0.420627
9.240000,2.436926,2.892630,2.914608,2.934034,0.455704,0.477682,0.497108,0.521407,0.420235
9.250000,2.436532,2.895067,2.905811,2.925815,0.458536,0.469279,0.489283,0.522217,0.419848
9.260000,2.436141,2.913967,2.910851,2.930897,0.477826,0.474711,0.494756,0.521741,0.420770
9.270000,2.435753,2.857345,2.885064,2.906827,0.421592,0.449311,0.471074,0.524062,0.419906
9.280000,2.435370,2.858408,2.872674,2.895277,0.423038,0.437304,0.459906,0.525153,0.419266
9.290000,2.434993,2.904636,2.889579,2.912268,0.469643,0.454586,0.477275,0.523508,0.422442
9.300000,2.434622,2.853908,2.872682,2.897193,0.419286,0.438060,0.462571,0.524935,0.424281
9.310000,2.434258,2.885074,2.879798,2.903154,0.450817,0.445541,0.468896,0.524349,0.424723
9.320000,2.433900,2.937504,2.909576,2.932247,0.503603,0.475676,0.498346,0.521582,0.430092
9.330000,2.433551,2.887758,2.899620,2.922765,0.454207,0.466070,0.489214,0.522488,0.432062
9.340000,2.433208,2.801487,2.851495,2.877809,0.368279,0.418287,0.444601,0.526698,0.431518
9.350000,2.432874,2.955133,2.904206,2.928430,0.522259,0.471332,0.495556,0.521952,0.438452
9.360000,2.432550,2.846176,2.876133,2.901337,0.413626,0.443583,0.468786,0.524468,0.438653
9.370000,2.432237,2.886937,2.882447,2.907068,0.454700,0.450211,0.474832,0.523919,0.440604
9.380000,2.431933,2.994165,2.939223,2.960300,0.562232,0.507290,0.528367,0.519015,0.445359
9.390000,2.431639,2.888122,2.914644,2.935305,0.456483,0.483005,0.503666,0.521352,0.442629
9.400000,2.431353,2.926607,2.921571,2.942218,0.495254,0.490218,0.510865,0.520728,0.444385
9.410000,2.431073,2.879849,2.901660,2.922024,0.448776,0.470587,0.490951,0.522601,0.440735
9.420000,2.430797,2.941284,2.922400,2.942724,0.510487,0.491603,0.511927,0.520691,0.443613
9.430000,2.430527,2.897020,2.910657,2.932256,0.466493,0.480130,0.501729,0.521671,0.445000
9.440000,2.430262,2.912827,2.912676,2.932416,0.482565,0.482414,0.502154,0.521663,0.441883
9.450000,2.430001,2.963975,2.939259,2.957981,0.533973,0.509258,0.527980,0.519315,0.443708
9.460000,2.429746,2.858279,2.899727,2.920062,0.428533,0.469982,0.490316,0.522842,0.440059
9.470000,2.429495,2.935017,2.918289,2.937989,0.505522,0.488795,0.508494,0.521181,0.440779
9.480000,2.429249,2.858018,2.889087,2.909326,0.428769,0.459839,0.480078,0.523837,0.436057
9.490000,2.429007,2.902994,2.896944,2.917937,0.473987,0.467936,0.488930,0.523018,0.437074
9.500000,2.428772,2.914933,2.906847,2.928338,0.486161,0.478075,0.499566,0.522042,0.439509
9.510000,2.428540,2.898407,2.903544,2.925266,0.469866,0.475003,0.496726,0.522323,0.440129
9.520000,2.428313,2.915532,2.910449,2.931787,0.487218,0.482136,0.503474,0.521715,0.441258
9.530000,2.428093,2.887765,2.900024,2.921446,0.459672,0.471931,0.493353,0.522668,0.440231
9.540000,2.427878,2.941876,2.921855,2.943295,0.513998,0.493977,0.515417,0.520644,0.444716
9.550000,2.427668,2.859252,2.891478,2.913730,0.431583,0.463810,0.486062,0.523368,0.442489
9.560000,2.427465,2.928891,2.911077,2.933750,0.501427,0.483612,0.506285,0.521513,0.447468
9.570000,2.427266,2.902951,2.907924,2.928930,0.475684,0.480658,0.501664,0.521952,0.445098
9.580000,2.427074,2.913562,2.911648,2.932408,0.486488,0.484575,0.505335,0.521628,0.445307
9.590000,2.426888,2.926035,2.919749,2.939799,0.499148,0.492862,0.512912,0.520950,0.445315
9.600000,2.426708,2.912142,2.916859,2.936551,0.485434,0.490151,0.509843,0.521251,0.443935
9.610000,2.426535,2.884817,2.901746,2.921836,0.458282,0.475212,0.495301,0.522603,0.441360
9.620000,2.426367,2.854917,2.879223,2.901701,0.428550,0.452856,0.475334,0.524439,0.440961
9.630000,2.426205,2.894106,2.887532,2.910221,0.467901,0.461327,0.484016,0.523621,0.442339
9.640000,2.426048,2.913989,2.901635,2.924780,0.487940,0.475586,0.498732,0.522259,0.446470
9.650000,2.425896,2.908457,2.905932,2.928085,0.482561,0.480036,0.502190,0.521945,0.446984
9.660000,2.425748,2.902840,2.905275,2.927787,0.477091,0.479526,0.502039,0.521961,0.448961
9.670000,2.425607,2.930453,2.918751,2.940142,0.504847,0.493144,0.514535,0.520828,0.450514
9.680000,2.425471,2.877002,2.898775,2.921229,0.451532,0.473304,0.495758,0.522546,0.450478
9.690000,2.425340,2.869711,2.885119,2.908607,0.444370,0.459779,0.483267,0.523669,0.450866
9.700000,2.425217,2.942813,2.914827,2.936679,0.517596,0.489610,0.511463,0.521105,0.453533
9.710000,2.425098,2.993432,2.955018,2.974843,0.568334,0.529921,0.549745,0.517657,0.458384
9.720000,2.424985,2.916642,2.936758,2.956849,0.491657,0.511773,0.531865,0.519311,0.458442
9.730000,2.424877,2.900751,2.919661,2.940725,0.475873,0.494784,0.515848,0.520774,0.458794
9.740000,2.424774,2.959589,2.940513,2.959935,0.534814,0.515739,0.535161,0.519053,0.459663
9.750000,2.424678,2.918170,2.930249,2.950434,0.493493,0.505572,0.525756,0.519921,0.460435
9.760000,2.424588,2.865597,2.898819,2.920445,0.441009,0.474230,0.495856,0.522607,0.458281
9.770000,2.424504,2.970767,2.935655,2.954916,0.546263,0.511151,0.530413,0.519508,0.459092
9.780000,2.424426,2.971168,2.954309,2.972110,0.546742,0.529883,0.547684,0.517976,0.459210
9.790000,2.424355,2.917803,2.936970,2.954618,0.493449,0.512616,0.530263,0.519574,0.455447
9.800000,2.424289,2.896638,2.917699,2.936970,0.472349,0.493410,0.512681,0.521174,0.454043
9.810000,2.424229,2.903670,2.911559,2.932210,0.479442,0.487330,0.507982,0.521593,0.454792
9.820000,2.424174,2.900696,2.906993,2.929154,0.476522,0.482819,0.504980,0.521852,0.457167
9.830000,2.424127,2.889164,2.898938,2.922790,0.465037,0.474811,0.498663,0.522403,0.460431
9.840000,2.424087,2.886316,2.893477,2.916532,0.462229,0.469390,0.492445,0.522934,0.459474
9.850000,2.424056,2.936076,2.915619,2.936726,0.512020,0.491564,0.512670,0.521106,0.459780
9.860000,2.424034,2.942735,2.930040,2.949809,0.518701,0.506007,0.525776,0.519925,0.459813
9.870000,2.424021,2.968315,2.950054,2.968634,0.544294,0.526033,0.544613,0.518241,0.461159
9.880000,2.424017,2.896616,2.924229,2.942174,0.472600,0.500213,0.518157,0.520628,0.455095
9.890000,2.424020,2.895222,2.910592,2.931237,0.471202,0.486572,0.507217,0.521604,0.456645
9.900000,2.424031,2.936652,2.924473,2.945313,0.512620,0.500442,0.521282,0.520322,0.459581
9.910000,2.424051,2.942733,2.934467,2.954839,0.518683,0.510416,0.530788,0.519463,0.461648
9.920000,2.424077,2.884106,2.910158,2.930063,0.460030,0.486081,0.505986,0.521677,0.457090
9.930000,2.424109,2.929800,2.920825,2.941564,0.505691,0.496715,0.517455,0.520624,0.460010
9.940000,2.424147,2.927197,2.924865,2.944964,0.503049,0.500718,0.520817,0.520308,0.459878
9.950000,2.424191,2.896301,2.911440,2.932305,0.472110,0.487249,0.508114,0.521430,0.459338
9.960000,2.424241,2.864681,2.888902,2.910581,0.440440,0.464661,0.486340,0.523348,0.456750
9.970000,2.424299,2.925922,2.908229,2.929942,0.501623,0.483930,0.505643,0.521575,0.459539
9.980000,2.424361,2.886071,2.897986,2.920816,0.461710,0.473625,0.496455,0.522364,0.460810
9.990000,2.424427,2.927775,2.913703,2.935391,0.503348,0.489277,0.510965,0.521035,0.462193
